user_id,behavior_type,timestamp
10224,浏览,2025-01-01 04:33:24
10757,浏览,2025-01-01 05:18:20
10122,浏览,2025-01-01 05:54:54
10717,加购,2025-01-01 06:17:25
10333,浏览,2025-01-01 07:07:22
10455,浏览,2025-01-01 07:24:49
10309,浏览,2025-01-01 07:30:54
10519,浏览,2025-01-01 07:44:43
10049,浏览,2025-01-01 07:47:20
10669,支付,2025-01-01 07:58:30
10412,浏览,2025-01-01 08:37:07
10677,浏览,2025-01-01 08:39:46
10084,加购,2025-01-01 08:42:29
10544,浏览,2025-01-01 08:51:20
10244,浏览,2025-01-01 09:03:08
10255,浏览,2025-01-01 09:09:08
10152,加购,2025-01-01 09:10:12
10230,浏览,2025-01-01 09:19:40
10085,加购,2025-01-01 09:27:31
10761,加购,2025-01-01 09:30:59
10463,浏览,2025-01-01 09:37:10
10696,浏览,2025-01-01 09:38:43
10754,浏览,2025-01-01 09:40:13
10233,加购,2025-01-01 09:50:18
10616,支付,2025-01-01 09:51:18
10786,浏览,2025-01-01 09:57:25
10443,浏览,2025-01-01 10:11:01
10317,浏览,2025-01-01 10:16:51
10608,浏览,2025-01-01 10:22:07
10007,下单,2025-01-01 10:22:40
10070,加购,2025-01-01 10:29:23
10161,浏览,2025-01-01 10:40:22
10656,浏览,2025-01-01 10:42:59
10697,浏览,2025-01-01 10:47:22
10238,浏览,2025-01-01 10:47:48
10090,浏览,2025-01-01 10:54:01
10134,浏览,2025-01-01 11:04:56
10798,加购,2025-01-01 11:10:34
10332,下单,2025-01-01 11:15:28
10462,浏览,2025-01-01 11:17:04
10612,浏览,2025-01-01 11:24:21
10117,浏览,2025-01-01 11:52:19
10287,浏览,2025-01-01 12:02:57
10084,浏览,2025-01-01 12:06:53
10185,加购,2025-01-01 12:34:30
10712,浏览,2025-01-01 12:42:06
10298,加购,2025-01-01 12:50:19
10797,浏览,2025-01-01 13:01:43
10276,浏览,2025-01-01 13:02:41
10236,浏览,2025-01-01 13:05:37
10504,加购,2025-01-01 13:11:26
10017,浏览,2025-01-01 13:12:43
10724,浏览,2025-01-01 13:12:47
10186,浏览,2025-01-01 13:13:59
10121,加购,2025-01-01 13:27:17
10243,加购,2025-01-01 13:36:23
10238,浏览,2025-01-01 13:44:49
10139,浏览,2025-01-01 13:45:41
10501,加购,2025-01-01 14:18:36
10366,浏览,2025-01-01 14:20:00
10742,浏览,2025-01-01 14:27:11
10309,浏览,2025-01-01 14:31:49
10788,加购,2025-01-01 14:33:43
10217,浏览,2025-01-01 14:33:48
10182,浏览,2025-01-01 14:39:23
10072,浏览,2025-01-01 14:44:52
10091,浏览,2025-01-01 14:46:47
10565,浏览,2025-01-01 14:53:14
10448,浏览,2025-01-01 15:10:03
10252,浏览,2025-01-01 15:17:21
10165,浏览,2025-01-01 15:19:09
10285,浏览,2025-01-01 15:24:36
10009,加购,2025-01-01 15:33:06
10078,浏览,2025-01-01 15:37:43
10055,浏览,2025-01-01 15:42:53
10149,浏览,2025-01-01 16:00:13
10181,浏览,2025-01-01 16:07:04
10170,加购,2025-01-01 16:10:35
10430,浏览,2025-01-01 16:11:06
10664,支付,2025-01-01 16:19:10
10399,浏览,2025-01-01 16:21:44
10297,浏览,2025-01-01 16:27:11
10352,浏览,2025-01-01 16:32:57
10770,下单,2025-01-01 16:36:06
10356,浏览,2025-01-01 16:43:09
10107,浏览,2025-01-01 16:46:45
10751,加购,2025-01-01 16:48:25
10638,加购,2025-01-01 16:54:31
10239,浏览,2025-01-01 17:00:21
10611,浏览,2025-01-01 17:05:47
10011,浏览,2025-01-01 17:09:18
10309,浏览,2025-01-01 17:12:07
10492,浏览,2025-01-01 17:14:53
10676,浏览,2025-01-01 17:26:00
10107,加购,2025-01-01 17:34:36
10747,浏览,2025-01-01 17:35:09
10218,浏览,2025-01-01 17:36:11
10621,浏览,2025-01-01 17:48:09
10614,浏览,2025-01-01 17:51:20
10733,浏览,2025-01-01 17:52:18
10316,浏览,2025-01-01 17:54:02
10352,浏览,2025-01-01 17:58:00
10307,浏览,2025-01-01 18:02:59
10370,浏览,2025-01-01 18:21:06
10752,浏览,2025-01-01 18:23:49
10745,加购,2025-01-01 18:24:24
10107,浏览,2025-01-01 18:26:06
10561,浏览,2025-01-01 18:33:55
10738,浏览,2025-01-01 18:41:20
10197,浏览,2025-01-01 18:42:06
10675,浏览,2025-01-01 18:43:49
10349,浏览,2025-01-01 18:50:19
10489,浏览,2025-01-01 18:52:23
10589,浏览,2025-01-01 18:54:29
10428,支付,2025-01-01 19:11:47
10466,下单,2025-01-01 19:15:08
10185,下单,2025-01-01 19:24:36
10346,浏览,2025-01-01 19:29:41
10571,浏览,2025-01-01 19:30:04
10512,浏览,2025-01-01 19:36:15
10615,加购,2025-01-01 19:36:15
10148,浏览,2025-01-01 19:48:26
10339,浏览,2025-01-01 19:58:07
10146,浏览,2025-01-01 20:16:20
10007,浏览,2025-01-01 20:18:51
10494,支付,2025-01-01 20:20:51
10272,浏览,2025-01-01 20:21:01
10078,浏览,2025-01-01 20:21:55
10795,浏览,2025-01-01 20:28:32
10451,浏览,2025-01-01 20:30:44
10555,浏览,2025-01-01 20:32:24
10231,支付,2025-01-01 20:34:20
10301,浏览,2025-01-01 20:36:25
10022,浏览,2025-01-01 20:41:59
10774,浏览,2025-01-01 20:42:09
10518,下单,2025-01-01 20:46:06
10443,浏览,2025-01-01 20:47:10
10364,加购,2025-01-01 20:49:40
10606,浏览,2025-01-01 20:50:00
10095,浏览,2025-01-01 20:57:32
10140,下单,2025-01-01 21:02:09
10643,浏览,2025-01-01 21:06:34
10414,浏览,2025-01-01 21:10:14
10425,浏览,2025-01-01 21:26:02
10063,浏览,2025-01-01 21:28:29
10498,浏览,2025-01-01 21:34:38
10294,浏览,2025-01-01 21:37:12
10632,浏览,2025-01-01 21:39:03
10653,浏览,2025-01-01 21:40:19
10699,浏览,2025-01-01 21:42:08
10782,浏览,2025-01-01 21:48:57
10668,浏览,2025-01-01 21:49:43
10001,加购,2025-01-01 22:03:04
10615,浏览,2025-01-01 22:06:34
10668,浏览,2025-01-01 22:12:53
10622,浏览,2025-01-01 22:20:06
10029,下单,2025-01-01 22:26:05
10505,加购,2025-01-01 22:27:43
10131,浏览,2025-01-01 22:36:25
10406,加购,2025-01-01 22:37:50
10716,浏览,2025-01-01 22:38:51
10589,加购,2025-01-01 22:42:44
10308,加购,2025-01-01 22:43:08
10698,加购,2025-01-01 22:59:10
10524,浏览,2025-01-01 23:53:54
10727,加购,2025-01-02 01:32:39
10530,浏览,2025-01-02 01:57:34
10366,加购,2025-01-02 02:55:26
10703,浏览,2025-01-02 06:07:10
10666,浏览,2025-01-02 07:13:26
10712,浏览,2025-01-02 07:51:13
10075,浏览,2025-01-02 07:59:15
10096,浏览,2025-01-02 08:18:35
10593,浏览,2025-01-02 08:19:20
10271,浏览,2025-01-02 08:19:57
10087,浏览,2025-01-02 08:29:32
10486,浏览,2025-01-02 08:32:41
10437,浏览,2025-01-02 08:35:15
10133,下单,2025-01-02 08:46:02
10699,加购,2025-01-02 08:50:53
10232,浏览,2025-01-02 08:58:46
10360,浏览,2025-01-02 09:06:36
10688,浏览,2025-01-02 09:11:21
10039,浏览,2025-01-02 09:16:35
10727,下单,2025-01-02 09:20:38
10266,浏览,2025-01-02 09:29:56
10044,下单,2025-01-02 09:36:27
10292,浏览,2025-01-02 09:36:49
10571,浏览,2025-01-02 09:39:03
10714,浏览,2025-01-02 09:40:00
10391,加购,2025-01-02 09:51:41
10425,浏览,2025-01-02 10:02:13
10055,浏览,2025-01-02 10:02:30
10114,加购,2025-01-02 10:04:28
10136,浏览,2025-01-02 10:15:37
10790,支付,2025-01-02 10:20:58
10392,浏览,2025-01-02 10:24:11
10736,浏览,2025-01-02 10:25:37
10784,浏览,2025-01-02 10:28:25
10512,浏览,2025-01-02 10:38:23
10712,浏览,2025-01-02 10:44:34
10454,浏览,2025-01-02 10:47:49
10515,浏览,2025-01-02 10:51:33
10722,浏览,2025-01-02 10:54:20
10073,加购,2025-01-02 10:57:02
10549,浏览,2025-01-02 11:07:44
10791,浏览,2025-01-02 11:07:52
10134,浏览,2025-01-02 11:09:57
10679,下单,2025-01-02 11:17:17
10517,浏览,2025-01-02 11:28:28
10068,浏览,2025-01-02 11:30:50
10780,浏览,2025-01-02 11:34:18
10489,浏览,2025-01-02 11:37:22
10598,浏览,2025-01-02 11:38:56
10664,浏览,2025-01-02 11:43:50
10403,浏览,2025-01-02 11:55:10
10404,浏览,2025-01-02 12:08:12
10032,浏览,2025-01-02 12:09:58
10404,浏览,2025-01-02 12:18:49
10477,浏览,2025-01-02 12:53:20
10547,下单,2025-01-02 13:01:04
10500,支付,2025-01-02 13:06:04
10778,浏览,2025-01-02 13:09:44
10699,支付,2025-01-02 13:50:38
10475,浏览,2025-01-02 13:53:48
10206,下单,2025-01-02 14:09:18
10513,浏览,2025-01-02 14:10:03
10050,浏览,2025-01-02 14:14:34
10616,浏览,2025-01-02 14:17:42
10230,浏览,2025-01-02 14:21:42
10131,加购,2025-01-02 14:35:03
10305,浏览,2025-01-02 14:35:53
10559,加购,2025-01-02 14:39:57
10574,支付,2025-01-02 14:44:01
10576,加购,2025-01-02 14:44:10
10384,浏览,2025-01-02 14:50:49
10131,浏览,2025-01-02 14:51:29
10350,加购,2025-01-02 14:57:16
10214,加购,2025-01-02 15:16:39
10137,浏览,2025-01-02 15:24:10
10049,浏览,2025-01-02 15:28:59
10527,浏览,2025-01-02 15:35:16
10170,加购,2025-01-02 15:43:46
10140,加购,2025-01-02 15:54:53
10714,浏览,2025-01-02 16:00:04
10090,浏览,2025-01-02 16:05:58
10083,浏览,2025-01-02 16:22:15
10579,浏览,2025-01-02 16:39:54
10785,浏览,2025-01-02 16:44:19
10791,浏览,2025-01-02 17:00:23
10790,浏览,2025-01-02 17:02:12
10277,浏览,2025-01-02 17:07:14
10748,浏览,2025-01-02 17:11:45
10118,浏览,2025-01-02 17:30:09
10468,加购,2025-01-02 17:34:49
10756,加购,2025-01-02 17:34:56
10605,浏览,2025-01-02 17:34:57
10707,浏览,2025-01-02 17:35:21
10332,浏览,2025-01-02 17:40:40
10445,浏览,2025-01-02 17:49:07
10027,浏览,2025-01-02 17:52:57
10554,加购,2025-01-02 17:57:41
10526,浏览,2025-01-02 17:57:55
10772,浏览,2025-01-02 17:58:46
10495,支付,2025-01-02 18:02:43
10230,加购,2025-01-02 18:04:01
10541,浏览,2025-01-02 18:10:43
10062,下单,2025-01-02 18:11:32
10556,浏览,2025-01-02 18:11:57
10375,浏览,2025-01-02 18:12:23
10226,浏览,2025-01-02 18:24:17
10663,浏览,2025-01-02 18:33:30
10261,浏览,2025-01-02 18:42:36
10250,加购,2025-01-02 18:44:33
10156,加购,2025-01-02 18:49:50
10438,浏览,2025-01-02 18:52:24
10676,浏览,2025-01-02 19:02:34
10072,下单,2025-01-02 19:09:13
10195,加购,2025-01-02 19:10:10
10712,浏览,2025-01-02 19:11:40
10637,浏览,2025-01-02 19:20:24
10786,浏览,2025-01-02 19:21:27
10679,浏览,2025-01-02 19:23:00
10670,加购,2025-01-02 19:26:28
10072,浏览,2025-01-02 19:26:55
10431,浏览,2025-01-02 19:27:14
10289,浏览,2025-01-02 19:28:56
10453,浏览,2025-01-02 19:32:49
10248,加购,2025-01-02 19:40:21
10699,浏览,2025-01-02 19:41:05
10069,浏览,2025-01-02 19:42:44
10327,下单,2025-01-02 19:44:19
10391,浏览,2025-01-02 19:48:49
10696,浏览,2025-01-02 19:49:23
10014,浏览,2025-01-02 19:49:56
10095,浏览,2025-01-02 19:54:46
10594,加购,2025-01-02 20:03:03
10161,浏览,2025-01-02 20:12:52
10422,浏览,2025-01-02 20:14:40
10083,加购,2025-01-02 20:14:52
10581,加购,2025-01-02 20:16:26
10709,浏览,2025-01-02 20:23:44
10739,浏览,2025-01-02 20:24:44
10743,加购,2025-01-02 20:26:39
10531,浏览,2025-01-02 20:32:33
10619,浏览,2025-01-02 20:34:07
10506,支付,2025-01-02 20:34:20
10739,浏览,2025-01-02 20:40:23
10047,下单,2025-01-02 20:44:12
10218,浏览,2025-01-02 20:51:48
10038,浏览,2025-01-02 20:56:02
10340,浏览,2025-01-02 20:58:17
10498,加购,2025-01-02 21:05:20
10536,浏览,2025-01-02 21:08:11
10543,浏览,2025-01-02 21:09:08
10687,加购,2025-01-02 21:12:19
10285,浏览,2025-01-02 21:27:02
10515,下单,2025-01-02 21:33:09
10183,浏览,2025-01-02 21:34:13
10002,支付,2025-01-02 21:53:54
10420,加购,2025-01-02 22:07:02
10048,浏览,2025-01-02 22:09:26
10639,浏览,2025-01-02 22:14:12
10342,加购,2025-01-02 22:19:50
10391,浏览,2025-01-02 22:21:22
10128,浏览,2025-01-02 22:24:20
10050,加购,2025-01-02 22:32:23
10224,浏览,2025-01-02 22:33:42
10547,浏览,2025-01-02 22:35:18
10064,浏览,2025-01-02 22:40:44
10040,加购,2025-01-02 22:42:08
10581,浏览,2025-01-02 22:43:59
10407,浏览,2025-01-02 22:51:51
10729,支付,2025-01-02 22:52:11
10017,浏览,2025-01-02 22:55:51
10456,浏览,2025-01-02 22:56:50
10060,浏览,2025-01-02 23:12:06
10155,下单,2025-01-02 23:45:51
10019,下单,2025-01-02 23:56:58
10191,浏览,2025-01-03 00:50:43
10433,浏览,2025-01-03 03:41:25
10631,浏览,2025-01-03 04:13:53
10782,加购,2025-01-03 04:30:48
10535,浏览,2025-01-03 06:46:56
10172,浏览,2025-01-03 06:51:23
10035,浏览,2025-01-03 07:38:42
10539,浏览,2025-01-03 07:51:03
10401,浏览,2025-01-03 07:53:54
10313,浏览,2025-01-03 08:15:33
10184,浏览,2025-01-03 08:17:07
10239,浏览,2025-01-03 08:20:01
10436,加购,2025-01-03 08:27:56
10247,加购,2025-01-03 08:31:52
10248,浏览,2025-01-03 08:37:48
10118,浏览,2025-01-03 09:14:55
10585,浏览,2025-01-03 09:21:15
10704,浏览,2025-01-03 09:27:15
10276,加购,2025-01-03 09:37:03
10272,加购,2025-01-03 09:43:19
10535,下单,2025-01-03 09:52:48
10518,加购,2025-01-03 10:20:38
10465,浏览,2025-01-03 10:24:08
10433,浏览,2025-01-03 10:32:38
10547,浏览,2025-01-03 10:40:49
10077,浏览,2025-01-03 10:41:28
10319,加购,2025-01-03 10:49:46
10065,浏览,2025-01-03 10:53:07
10127,加购,2025-01-03 10:54:20
10151,浏览,2025-01-03 11:00:36
10258,浏览,2025-01-03 11:07:49
10799,浏览,2025-01-03 11:10:43
10749,浏览,2025-01-03 11:18:45
10422,浏览,2025-01-03 11:20:00
10455,浏览,2025-01-03 11:20:36
10348,浏览,2025-01-03 11:21:35
10363,浏览,2025-01-03 11:29:56
10622,浏览,2025-01-03 11:35:05
10449,浏览,2025-01-03 11:41:23
10207,下单,2025-01-03 11:44:41
10138,下单,2025-01-03 12:04:51
10673,浏览,2025-01-03 12:17:50
10183,加购,2025-01-03 12:20:29
10757,浏览,2025-01-03 12:25:44
10357,浏览,2025-01-03 12:30:17
10289,浏览,2025-01-03 12:50:35
10418,浏览,2025-01-03 13:05:38
10122,下单,2025-01-03 13:13:09
10301,浏览,2025-01-03 13:14:28
10015,浏览,2025-01-03 13:15:30
10389,浏览,2025-01-03 13:19:13
10086,浏览,2025-01-03 13:24:51
10295,下单,2025-01-03 13:28:41
10216,浏览,2025-01-03 13:29:06
10281,浏览,2025-01-03 13:35:41
10647,浏览,2025-01-03 13:35:43
10387,浏览,2025-01-03 13:37:15
10027,浏览,2025-01-03 14:03:39
10755,浏览,2025-01-03 14:18:29
10562,浏览,2025-01-03 14:27:49
10685,加购,2025-01-03 14:47:02
10219,浏览,2025-01-03 14:58:20
10707,下单,2025-01-03 15:06:15
10357,加购,2025-01-03 15:07:49
10625,浏览,2025-01-03 15:16:49
10457,下单,2025-01-03 15:22:14
10210,浏览,2025-01-03 15:29:19
10059,浏览,2025-01-03 15:34:01
10456,浏览,2025-01-03 15:39:53
10454,加购,2025-01-03 15:55:37
10175,浏览,2025-01-03 16:07:19
10747,浏览,2025-01-03 16:19:26
10152,下单,2025-01-03 16:29:11
10715,浏览,2025-01-03 16:37:23
10717,加购,2025-01-03 16:39:28
10152,浏览,2025-01-03 16:47:03
10432,浏览,2025-01-03 16:47:34
10628,浏览,2025-01-03 16:54:16
10434,浏览,2025-01-03 17:03:59
10761,加购,2025-01-03 17:13:16
10590,浏览,2025-01-03 17:17:14
10776,浏览,2025-01-03 17:18:18
10615,加购,2025-01-03 17:20:45
10619,加购,2025-01-03 17:24:38
10757,浏览,2025-01-03 17:26:16
10287,浏览,2025-01-03 17:39:05
10334,浏览,2025-01-03 17:49:54
10584,浏览,2025-01-03 17:49:59
10215,下单,2025-01-03 17:51:52
10081,浏览,2025-01-03 17:53:08
10385,浏览,2025-01-03 17:57:05
10169,浏览,2025-01-03 18:00:24
10725,浏览,2025-01-03 18:01:47
10653,加购,2025-01-03 18:03:27
10070,浏览,2025-01-03 18:15:40
10213,加购,2025-01-03 18:21:47
10784,浏览,2025-01-03 18:23:37
10582,加购,2025-01-03 18:29:05
10470,支付,2025-01-03 18:32:08
10607,浏览,2025-01-03 18:33:30
10725,下单,2025-01-03 18:35:03
10316,下单,2025-01-03 18:43:52
10382,浏览,2025-01-03 18:44:43
10250,浏览,2025-01-03 18:48:03
10013,浏览,2025-01-03 18:53:12
10738,浏览,2025-01-03 18:58:43
10578,浏览,2025-01-03 19:08:55
10129,浏览,2025-01-03 19:09:46
10416,浏览,2025-01-03 19:10:28
10041,下单,2025-01-03 19:10:55
10255,浏览,2025-01-03 19:21:59
10707,浏览,2025-01-03 19:23:54
10653,浏览,2025-01-03 19:30:51
10639,浏览,2025-01-03 19:33:49
10522,加购,2025-01-03 19:36:52
10232,浏览,2025-01-03 19:37:06
10134,浏览,2025-01-03 19:38:52
10380,浏览,2025-01-03 19:45:53
10457,加购,2025-01-03 19:58:16
10560,浏览,2025-01-03 20:01:43
10532,浏览,2025-01-03 20:05:27
10463,浏览,2025-01-03 20:06:08
10196,浏览,2025-01-03 20:23:30
10192,浏览,2025-01-03 20:38:16
10781,浏览,2025-01-03 20:41:41
10080,支付,2025-01-03 20:42:29
10577,浏览,2025-01-03 20:51:23
10752,下单,2025-01-03 20:57:01
10549,浏览,2025-01-03 21:07:50
10185,浏览,2025-01-03 21:10:50
10443,浏览,2025-01-03 21:17:46
10158,浏览,2025-01-03 21:22:34
10617,浏览,2025-01-03 21:26:57
10706,浏览,2025-01-03 21:28:47
10298,浏览,2025-01-03 21:30:19
10035,浏览,2025-01-03 21:31:30
10307,浏览,2025-01-03 21:39:18
10652,下单,2025-01-03 21:42:40
10170,浏览,2025-01-03 21:49:52
10299,加购,2025-01-03 21:50:50
10535,浏览,2025-01-03 21:53:13
10792,浏览,2025-01-03 21:55:06
10048,下单,2025-01-03 21:55:18
10047,浏览,2025-01-03 22:00:22
10151,下单,2025-01-03 22:01:46
10760,浏览,2025-01-03 22:03:28
10328,浏览,2025-01-03 22:08:20
10380,浏览,2025-01-03 22:11:58
10707,浏览,2025-01-03 22:12:10
10577,浏览,2025-01-03 22:12:40
10353,浏览,2025-01-03 22:13:00
10592,浏览,2025-01-03 22:20:38
10313,浏览,2025-01-03 22:26:49
10758,支付,2025-01-03 22:27:44
10567,支付,2025-01-03 22:32:11
10016,加购,2025-01-03 22:35:18
10538,支付,2025-01-03 22:37:48
10238,支付,2025-01-03 22:39:09
10134,浏览,2025-01-03 22:39:56
10676,浏览,2025-01-03 22:40:01
10601,加购,2025-01-03 22:47:14
10204,浏览,2025-01-03 22:54:46
10184,浏览,2025-01-03 23:00:19
10040,支付,2025-01-03 23:39:00
10639,浏览,2025-01-04 01:42:53
10222,浏览,2025-01-04 02:08:37
10205,浏览,2025-01-04 03:07:09
10125,浏览,2025-01-04 03:14:11
10442,浏览,2025-01-04 06:42:32
10712,浏览,2025-01-04 07:05:27
10327,浏览,2025-01-04 07:10:56
10196,浏览,2025-01-04 07:44:14
10171,浏览,2025-01-04 07:56:30
10554,加购,2025-01-04 08:03:53
10659,浏览,2025-01-04 08:04:53
10390,浏览,2025-01-04 08:11:32
10222,支付,2025-01-04 08:14:34
10284,下单,2025-01-04 08:23:02
10435,浏览,2025-01-04 08:23:38
10764,浏览,2025-01-04 08:25:06
10422,下单,2025-01-04 08:37:14
10321,浏览,2025-01-04 08:48:56
10156,加购,2025-01-04 09:01:48
10593,加购,2025-01-04 09:13:07
10511,加购,2025-01-04 09:23:21
10313,浏览,2025-01-04 09:38:05
10170,浏览,2025-01-04 09:45:35
10108,加购,2025-01-04 09:46:56
10394,浏览,2025-01-04 09:47:38
10342,浏览,2025-01-04 10:13:37
10756,加购,2025-01-04 10:15:26
10451,浏览,2025-01-04 10:22:24
10587,下单,2025-01-04 10:28:20
10705,加购,2025-01-04 10:41:29
10339,浏览,2025-01-04 10:56:00
10689,浏览,2025-01-04 11:07:11
10415,浏览,2025-01-04 11:09:51
10132,加购,2025-01-04 11:11:23
10761,加购,2025-01-04 11:12:12
10348,加购,2025-01-04 11:12:34
10294,浏览,2025-01-04 11:31:42
10441,浏览,2025-01-04 11:32:47
10131,浏览,2025-01-04 11:45:12
10079,浏览,2025-01-04 11:50:11
10334,浏览,2025-01-04 11:55:31
10239,浏览,2025-01-04 12:07:05
10444,浏览,2025-01-04 12:08:31
10548,浏览,2025-01-04 12:08:45
10009,浏览,2025-01-04 12:10:36
10435,加购,2025-01-04 12:15:35
10646,下单,2025-01-04 12:26:51
10356,浏览,2025-01-04 12:31:28
10791,浏览,2025-01-04 12:42:20
10749,加购,2025-01-04 12:56:19
10068,加购,2025-01-04 13:01:34
10666,下单,2025-01-04 13:16:55
10713,浏览,2025-01-04 13:28:09
10216,浏览,2025-01-04 13:39:55
10495,浏览,2025-01-04 13:44:04
10201,加购,2025-01-04 13:50:58
10232,浏览,2025-01-04 14:14:24
10040,支付,2025-01-04 14:36:10
10579,浏览,2025-01-04 14:39:12
10589,浏览,2025-01-04 14:45:50
10124,支付,2025-01-04 15:03:49
10423,浏览,2025-01-04 15:17:48
10045,支付,2025-01-04 15:18:03
10069,浏览,2025-01-04 15:22:42
10413,浏览,2025-01-04 15:44:03
10705,加购,2025-01-04 15:46:15
10465,浏览,2025-01-04 15:48:35
10720,加购,2025-01-04 15:58:04
10733,加购,2025-01-04 16:07:14
10741,浏览,2025-01-04 16:19:14
10336,支付,2025-01-04 16:32:54
10173,下单,2025-01-04 16:34:15
10548,浏览,2025-01-04 16:39:17
10489,浏览,2025-01-04 16:43:25
10256,下单,2025-01-04 16:51:29
10784,浏览,2025-01-04 16:53:49
10449,下单,2025-01-04 16:56:47
10412,浏览,2025-01-04 16:58:28
10758,浏览,2025-01-04 17:04:55
10359,浏览,2025-01-04 17:22:46
10715,浏览,2025-01-04 17:22:52
10008,浏览,2025-01-04 17:24:41
10032,浏览,2025-01-04 17:26:05
10156,浏览,2025-01-04 17:39:26
10070,浏览,2025-01-04 17:45:15
10744,加购,2025-01-04 18:02:50
10066,浏览,2025-01-04 18:07:35
10406,浏览,2025-01-04 18:11:55
10550,加购,2025-01-04 18:16:33
10103,浏览,2025-01-04 18:24:22
10739,浏览,2025-01-04 18:34:24
10495,加购,2025-01-04 18:44:05
10218,浏览,2025-01-04 18:45:38
10288,支付,2025-01-04 18:49:37
10168,支付,2025-01-04 18:59:19
10070,加购,2025-01-04 19:27:50
10654,下单,2025-01-04 19:30:01
10542,下单,2025-01-04 19:33:30
10171,浏览,2025-01-04 19:40:40
10789,浏览,2025-01-04 19:43:40
10735,浏览,2025-01-04 19:54:32
10528,浏览,2025-01-04 19:59:28
10196,加购,2025-01-04 20:02:59
10516,浏览,2025-01-04 20:16:56
10760,浏览,2025-01-04 20:30:28
10321,浏览,2025-01-04 20:32:41
10340,加购,2025-01-04 20:43:32
10751,浏览,2025-01-04 20:47:48
10567,下单,2025-01-04 20:48:24
10622,浏览,2025-01-04 20:51:10
10433,支付,2025-01-04 20:53:23
10213,浏览,2025-01-04 20:55:16
10411,浏览,2025-01-04 20:57:10
10777,浏览,2025-01-04 20:59:34
10430,浏览,2025-01-04 21:00:11
10222,加购,2025-01-04 21:01:20
10608,浏览,2025-01-04 21:02:04
10383,浏览,2025-01-04 21:09:01
10409,浏览,2025-01-04 21:09:44
10296,浏览,2025-01-04 21:12:00
10728,浏览,2025-01-04 21:17:54
10592,浏览,2025-01-04 21:28:10
10474,加购,2025-01-04 21:30:41
10384,浏览,2025-01-04 21:37:00
10657,支付,2025-01-04 21:39:06
10077,加购,2025-01-04 21:41:14
10063,浏览,2025-01-04 21:48:02
10498,浏览,2025-01-04 22:02:01
10273,浏览,2025-01-04 22:18:03
10306,浏览,2025-01-04 22:21:18
10621,浏览,2025-01-04 22:52:35
10321,浏览,2025-01-04 23:20:31
10511,浏览,2025-01-04 23:47:41
10371,浏览,2025-01-04 23:50:08
10455,加购,2025-01-05 00:12:40
10026,浏览,2025-01-05 00:28:07
10427,浏览,2025-01-05 02:41:57
10310,浏览,2025-01-05 03:07:52
10669,浏览,2025-01-05 03:42:04
10677,加购,2025-01-05 03:50:50
10074,加购,2025-01-05 05:45:21
10207,浏览,2025-01-05 06:50:51
10665,浏览,2025-01-05 07:02:19
10110,浏览,2025-01-05 07:03:12
10309,浏览,2025-01-05 07:27:17
10601,浏览,2025-01-05 07:32:52
10478,加购,2025-01-05 07:38:49
10647,浏览,2025-01-05 07:49:29
10420,加购,2025-01-05 07:50:16
10711,浏览,2025-01-05 07:51:28
10445,浏览,2025-01-05 08:04:45
10440,浏览,2025-01-05 08:23:10
10135,浏览,2025-01-05 08:25:00
10602,加购,2025-01-05 08:28:08
10499,浏览,2025-01-05 08:41:51
10348,加购,2025-01-05 08:45:33
10576,浏览,2025-01-05 08:47:37
10003,浏览,2025-01-05 08:53:10
10107,浏览,2025-01-05 08:59:56
10023,浏览,2025-01-05 09:18:33
10197,浏览,2025-01-05 09:18:54
10111,加购,2025-01-05 09:32:00
10731,浏览,2025-01-05 09:36:47
10498,浏览,2025-01-05 09:37:26
10302,浏览,2025-01-05 09:38:44
10087,下单,2025-01-05 09:39:03
10099,支付,2025-01-05 09:48:30
10529,浏览,2025-01-05 10:02:29
10528,浏览,2025-01-05 10:05:47
10606,浏览,2025-01-05 10:08:25
10733,加购,2025-01-05 10:09:13
10195,加购,2025-01-05 10:09:56
10124,浏览,2025-01-05 10:11:26
10678,加购,2025-01-05 10:13:03
10207,加购,2025-01-05 10:22:12
10093,浏览,2025-01-05 10:24:22
10800,支付,2025-01-05 10:25:23
10602,浏览,2025-01-05 10:30:55
10739,浏览,2025-01-05 10:35:45
10717,浏览,2025-01-05 10:37:21
10759,支付,2025-01-05 10:43:40
10363,浏览,2025-01-05 11:01:21
10007,浏览,2025-01-05 11:32:33
10606,浏览,2025-01-05 11:38:08
10481,浏览,2025-01-05 11:38:53
10440,浏览,2025-01-05 11:41:05
10413,浏览,2025-01-05 11:43:32
10624,浏览,2025-01-05 11:50:23
10107,下单,2025-01-05 11:56:06
10472,浏览,2025-01-05 11:56:37
10375,浏览,2025-01-05 12:00:33
10766,加购,2025-01-05 12:24:45
10158,加购,2025-01-05 12:36:12
10295,浏览,2025-01-05 12:39:58
10678,下单,2025-01-05 12:42:56
10192,浏览,2025-01-05 12:48:51
10369,加购,2025-01-05 12:55:42
10611,浏览,2025-01-05 12:57:11
10629,浏览,2025-01-05 13:11:58
10001,浏览,2025-01-05 13:18:50
10559,浏览,2025-01-05 13:50:10
10099,浏览,2025-01-05 13:51:36
10608,浏览,2025-01-05 13:52:39
10513,浏览,2025-01-05 14:10:50
10755,下单,2025-01-05 14:13:14
10427,浏览,2025-01-05 14:16:13
10563,浏览,2025-01-05 14:39:18
10511,浏览,2025-01-05 14:41:02
10059,浏览,2025-01-05 15:18:02
10635,下单,2025-01-05 15:32:54
10023,下单,2025-01-05 15:44:48
10165,浏览,2025-01-05 15:52:16
10099,浏览,2025-01-05 15:54:01
10491,下单,2025-01-05 15:56:23
10564,浏览,2025-01-05 16:00:54
10387,浏览,2025-01-05 16:04:55
10715,浏览,2025-01-05 16:12:31
10647,浏览,2025-01-05 16:20:23
10550,加购,2025-01-05 16:20:35
10789,浏览,2025-01-05 16:28:26
10745,支付,2025-01-05 16:31:07
10521,下单,2025-01-05 16:32:43
10785,浏览,2025-01-05 16:35:35
10283,浏览,2025-01-05 16:53:44
10371,浏览,2025-01-05 17:05:48
10308,浏览,2025-01-05 17:11:16
10661,浏览,2025-01-05 17:27:13
10161,支付,2025-01-05 17:30:47
10098,浏览,2025-01-05 18:05:33
10013,浏览,2025-01-05 18:24:43
10347,浏览,2025-01-05 18:25:15
10294,浏览,2025-01-05 18:26:14
10049,浏览,2025-01-05 18:27:59
10273,浏览,2025-01-05 18:30:21
10639,浏览,2025-01-05 18:31:33
10539,浏览,2025-01-05 18:33:33
10219,浏览,2025-01-05 18:33:43
10334,浏览,2025-01-05 18:36:58
10116,浏览,2025-01-05 18:37:48
10412,浏览,2025-01-05 18:39:42
10379,浏览,2025-01-05 18:43:25
10049,加购,2025-01-05 18:50:43
10352,支付,2025-01-05 18:52:09
10676,浏览,2025-01-05 18:57:40
10332,浏览,2025-01-05 18:58:09
10020,下单,2025-01-05 19:00:59
10685,浏览,2025-01-05 19:01:47
10782,浏览,2025-01-05 19:04:20
10504,支付,2025-01-05 19:05:02
10039,浏览,2025-01-05 19:05:56
10415,浏览,2025-01-05 19:06:03
10401,加购,2025-01-05 19:06:21
10284,加购,2025-01-05 19:08:15
10047,浏览,2025-01-05 19:10:21
10123,浏览,2025-01-05 19:10:31
10632,浏览,2025-01-05 19:11:09
10493,浏览,2025-01-05 19:12:09
10274,浏览,2025-01-05 19:13:42
10419,浏览,2025-01-05 19:15:16
10042,浏览,2025-01-05 19:17:01
10734,加购,2025-01-05 19:24:23
10281,浏览,2025-01-05 19:32:40
10010,浏览,2025-01-05 19:38:51
10075,下单,2025-01-05 19:52:56
10681,浏览,2025-01-05 19:53:45
10668,浏览,2025-01-05 20:05:09
10497,浏览,2025-01-05 20:06:07
10318,加购,2025-01-05 20:06:52
10408,浏览,2025-01-05 20:07:13
10300,浏览,2025-01-05 20:08:23
10003,加购,2025-01-05 20:09:20
10342,浏览,2025-01-05 20:13:04
10683,下单,2025-01-05 20:16:11
10387,支付,2025-01-05 20:25:39
10432,加购,2025-01-05 20:26:58
10484,浏览,2025-01-05 20:30:28
10727,浏览,2025-01-05 20:33:56
10104,浏览,2025-01-05 20:38:36
10276,浏览,2025-01-05 20:42:06
10130,浏览,2025-01-05 20:56:54
10729,浏览,2025-01-05 21:08:50
10288,加购,2025-01-05 21:12:16
10794,加购,2025-01-05 21:15:02
10492,加购,2025-01-05 21:16:29
10593,浏览,2025-01-05 21:18:32
10469,浏览,2025-01-05 21:19:10
10209,浏览,2025-01-05 21:23:49
10100,加购,2025-01-05 21:30:24
10714,浏览,2025-01-05 21:33:40
10680,浏览,2025-01-05 21:36:39
10238,下单,2025-01-05 21:39:16
10602,加购,2025-01-05 21:41:06
10669,浏览,2025-01-05 21:42:36
10478,下单,2025-01-05 21:46:47
10259,浏览,2025-01-05 21:53:35
10387,浏览,2025-01-05 21:56:17
10033,浏览,2025-01-05 22:02:25
10372,浏览,2025-01-05 22:03:58
10627,浏览,2025-01-05 22:07:09
10777,浏览,2025-01-05 22:08:32
10069,支付,2025-01-05 22:24:21
10209,浏览,2025-01-05 22:28:56
10582,加购,2025-01-05 22:41:42
10588,浏览,2025-01-05 22:49:32
10716,浏览,2025-01-05 22:50:40
10739,浏览,2025-01-05 23:12:51
10671,浏览,2025-01-05 23:26:14
10315,浏览,2025-01-05 23:27:44
10716,浏览,2025-01-05 23:36:35
10181,浏览,2025-01-05 23:54:40
10700,浏览,2025-01-06 00:33:00
10502,浏览,2025-01-06 04:43:22
10053,浏览,2025-01-06 06:18:53
10415,浏览,2025-01-06 06:45:44
10521,浏览,2025-01-06 07:04:43
10467,加购,2025-01-06 07:11:11
10710,浏览,2025-01-06 07:23:26
10415,加购,2025-01-06 07:23:41
10681,浏览,2025-01-06 07:32:06
10748,浏览,2025-01-06 07:33:16
10253,浏览,2025-01-06 07:55:51
10701,加购,2025-01-06 08:05:34
10141,浏览,2025-01-06 08:11:42
10671,浏览,2025-01-06 08:17:49
10747,浏览,2025-01-06 08:23:13
10382,加购,2025-01-06 08:25:29
10665,下单,2025-01-06 08:44:46
10039,加购,2025-01-06 08:44:51
10635,浏览,2025-01-06 09:05:51
10587,加购,2025-01-06 09:18:07
10486,浏览,2025-01-06 09:22:36
10620,浏览,2025-01-06 09:26:36
10506,浏览,2025-01-06 09:31:24
10131,浏览,2025-01-06 09:32:02
10673,加购,2025-01-06 09:47:27
10219,加购,2025-01-06 09:52:07
10560,加购,2025-01-06 09:58:02
10772,下单,2025-01-06 10:08:33
10583,浏览,2025-01-06 10:22:24
10210,浏览,2025-01-06 10:26:10
10612,浏览,2025-01-06 10:29:35
10451,加购,2025-01-06 10:46:53
10571,浏览,2025-01-06 10:52:42
10155,浏览,2025-01-06 10:53:14
10121,浏览,2025-01-06 11:00:39
10029,浏览,2025-01-06 11:06:05
10587,浏览,2025-01-06 11:11:33
10460,浏览,2025-01-06 11:15:55
10436,浏览,2025-01-06 11:16:58
10424,加购,2025-01-06 11:17:24
10363,浏览,2025-01-06 11:28:56
10573,浏览,2025-01-06 11:32:31
10765,浏览,2025-01-06 11:42:02
10095,浏览,2025-01-06 11:49:55
10743,浏览,2025-01-06 11:51:02
10487,下单,2025-01-06 11:55:38
10346,浏览,2025-01-06 12:00:43
10188,浏览,2025-01-06 12:14:28
10491,浏览,2025-01-06 12:22:38
10134,下单,2025-01-06 12:29:34
10349,浏览,2025-01-06 12:55:58
10698,浏览,2025-01-06 13:29:09
10288,浏览,2025-01-06 13:45:18
10633,下单,2025-01-06 13:45:34
10161,下单,2025-01-06 14:00:34
10226,加购,2025-01-06 14:03:32
10605,浏览,2025-01-06 14:16:12
10411,下单,2025-01-06 14:24:16
10772,加购,2025-01-06 14:30:13
10122,浏览,2025-01-06 14:32:59
10486,浏览,2025-01-06 14:34:11
10172,支付,2025-01-06 14:37:14
10262,浏览,2025-01-06 14:38:45
10097,加购,2025-01-06 14:41:44
10751,浏览,2025-01-06 14:45:08
10775,支付,2025-01-06 14:53:37
10537,浏览,2025-01-06 14:58:18
10675,浏览,2025-01-06 14:59:13
10452,浏览,2025-01-06 15:01:31
10747,浏览,2025-01-06 15:17:38
10112,浏览,2025-01-06 15:20:26
10039,下单,2025-01-06 15:53:11
10287,加购,2025-01-06 15:57:32
10332,浏览,2025-01-06 15:57:45
10505,浏览,2025-01-06 16:05:03
10427,浏览,2025-01-06 16:08:47
10679,浏览,2025-01-06 16:20:42
10117,浏览,2025-01-06 16:24:58
10539,浏览,2025-01-06 16:34:21
10589,浏览,2025-01-06 16:34:44
10767,浏览,2025-01-06 16:42:57
10566,浏览,2025-01-06 16:43:57
10728,浏览,2025-01-06 16:44:40
10109,浏览,2025-01-06 16:52:45
10074,浏览,2025-01-06 17:15:10
10617,支付,2025-01-06 17:20:06
10502,浏览,2025-01-06 17:20:46
10661,下单,2025-01-06 17:31:18
10107,浏览,2025-01-06 17:32:21
10581,浏览,2025-01-06 17:32:59
10167,浏览,2025-01-06 17:39:18
10763,浏览,2025-01-06 17:44:34
10053,浏览,2025-01-06 17:46:39
10326,浏览,2025-01-06 17:50:32
10462,浏览,2025-01-06 18:02:38
10518,浏览,2025-01-06 18:21:42
10784,浏览,2025-01-06 18:23:27
10442,下单,2025-01-06 18:27:10
10605,浏览,2025-01-06 18:27:35
10641,浏览,2025-01-06 18:48:20
10043,浏览,2025-01-06 18:55:13
10782,支付,2025-01-06 19:01:47
10486,浏览,2025-01-06 19:02:03
10674,浏览,2025-01-06 19:02:36
10285,浏览,2025-01-06 19:02:46
10620,浏览,2025-01-06 19:17:00
10436,浏览,2025-01-06 19:18:19
10716,浏览,2025-01-06 19:23:15
10415,浏览,2025-01-06 19:27:25
10662,浏览,2025-01-06 19:36:40
10753,浏览,2025-01-06 19:52:20
10099,浏览,2025-01-06 19:56:16
10316,浏览,2025-01-06 20:00:06
10120,下单,2025-01-06 20:11:20
10764,浏览,2025-01-06 20:16:57
10156,浏览,2025-01-06 20:18:08
10287,下单,2025-01-06 20:21:54
10097,下单,2025-01-06 20:23:47
10331,浏览,2025-01-06 20:27:50
10562,浏览,2025-01-06 20:30:28
10324,加购,2025-01-06 20:31:21
10519,浏览,2025-01-06 20:35:04
10445,浏览,2025-01-06 20:37:07
10717,浏览,2025-01-06 20:37:58
10725,浏览,2025-01-06 20:41:17
10688,浏览,2025-01-06 20:42:44
10234,浏览,2025-01-06 20:49:06
10718,浏览,2025-01-06 20:55:02
10477,浏览,2025-01-06 20:58:59
10676,加购,2025-01-06 21:11:49
10194,加购,2025-01-06 21:16:44
10543,浏览,2025-01-06 21:18:52
10586,浏览,2025-01-06 21:21:06
10553,加购,2025-01-06 21:21:32
10096,加购,2025-01-06 21:24:36
10549,浏览,2025-01-06 21:25:55
10058,浏览,2025-01-06 21:35:38
10348,浏览,2025-01-06 21:36:42
10325,下单,2025-01-06 21:37:46
10286,加购,2025-01-06 21:38:06
10338,下单,2025-01-06 21:38:34
10785,浏览,2025-01-06 21:39:42
10303,浏览,2025-01-06 21:43:04
10180,浏览,2025-01-06 21:46:27
10433,浏览,2025-01-06 21:47:44
10417,浏览,2025-01-06 21:48:04
10386,浏览,2025-01-06 21:49:39
10289,浏览,2025-01-06 21:52:25
10512,浏览,2025-01-06 22:04:00
10438,浏览,2025-01-06 22:06:22
10384,浏览,2025-01-06 22:25:29
10579,浏览,2025-01-06 22:28:05
10401,浏览,2025-01-06 22:30:35
10157,浏览,2025-01-06 22:32:01
10650,浏览,2025-01-06 22:38:47
10778,浏览,2025-01-06 22:40:31
10094,浏览,2025-01-06 22:42:51
10297,浏览,2025-01-06 22:45:28
10083,浏览,2025-01-06 22:45:41
10420,浏览,2025-01-06 22:48:06
10085,下单,2025-01-06 22:49:34
10356,加购,2025-01-06 22:55:46
10579,浏览,2025-01-06 22:59:01
10701,浏览,2025-01-06 23:05:26
10442,浏览,2025-01-06 23:08:32
10274,加购,2025-01-06 23:43:16
10615,浏览,2025-01-06 23:55:13
10239,加购,2025-01-07 00:01:29
10528,浏览,2025-01-07 00:40:52
10702,浏览,2025-01-07 01:09:28
10557,浏览,2025-01-07 01:47:50
10721,加购,2025-01-07 01:52:40
10154,浏览,2025-01-07 05:25:10
10607,浏览,2025-01-07 05:30:41
10195,浏览,2025-01-07 05:37:15
10527,浏览,2025-01-07 05:58:47
10102,浏览,2025-01-07 07:00:09
10571,加购,2025-01-07 07:09:03
10236,浏览,2025-01-07 07:19:27
10549,加购,2025-01-07 07:24:43
10749,浏览,2025-01-07 07:43:24
10497,浏览,2025-01-07 08:00:09
10260,浏览,2025-01-07 08:00:21
10679,加购,2025-01-07 08:01:38
10146,加购,2025-01-07 08:24:17
10608,下单,2025-01-07 08:25:30
10104,浏览,2025-01-07 08:32:57
10453,浏览,2025-01-07 08:37:13
10342,加购,2025-01-07 08:44:53
10634,浏览,2025-01-07 08:45:38
10335,加购,2025-01-07 08:46:11
10768,下单,2025-01-07 08:50:01
10785,浏览,2025-01-07 09:02:24
10574,浏览,2025-01-07 09:08:47
10106,浏览,2025-01-07 09:09:48
10488,浏览,2025-01-07 09:17:33
10710,加购,2025-01-07 09:18:15
10193,浏览,2025-01-07 09:18:16
10495,浏览,2025-01-07 09:31:06
10696,浏览,2025-01-07 09:41:20
10079,浏览,2025-01-07 09:45:28
10240,浏览,2025-01-07 09:49:37
10046,浏览,2025-01-07 09:54:53
10502,浏览,2025-01-07 09:58:58
10598,浏览,2025-01-07 10:12:28
10547,浏览,2025-01-07 10:29:14
10781,浏览,2025-01-07 10:30:17
10263,加购,2025-01-07 10:34:17
10399,浏览,2025-01-07 10:48:45
10558,浏览,2025-01-07 11:05:40
10161,浏览,2025-01-07 11:11:00
10625,浏览,2025-01-07 11:25:18
10236,浏览,2025-01-07 11:29:28
10395,下单,2025-01-07 11:45:27
10175,浏览,2025-01-07 11:58:50
10718,浏览,2025-01-07 12:09:03
10505,加购,2025-01-07 12:31:31
10637,浏览,2025-01-07 12:33:27
10016,浏览,2025-01-07 12:37:07
10237,浏览,2025-01-07 12:47:34
10211,浏览,2025-01-07 12:52:10
10436,浏览,2025-01-07 12:55:24
10784,浏览,2025-01-07 13:09:19
10426,浏览,2025-01-07 13:09:20
10171,浏览,2025-01-07 13:12:43
10623,浏览,2025-01-07 13:16:25
10030,加购,2025-01-07 13:21:59
10699,加购,2025-01-07 13:32:35
10103,浏览,2025-01-07 13:32:51
10067,浏览,2025-01-07 13:38:54
10372,浏览,2025-01-07 13:49:31
10407,加购,2025-01-07 14:04:20
10791,加购,2025-01-07 14:24:49
10481,下单,2025-01-07 14:36:28
10218,加购,2025-01-07 14:57:21
10542,浏览,2025-01-07 15:02:47
10564,浏览,2025-01-07 15:10:06
10368,浏览,2025-01-07 15:10:59
10474,浏览,2025-01-07 15:14:47
10661,浏览,2025-01-07 15:21:39
10303,浏览,2025-01-07 15:24:43
10284,浏览,2025-01-07 15:25:36
10142,浏览,2025-01-07 15:26:49
10290,加购,2025-01-07 15:26:50
10678,加购,2025-01-07 15:34:14
10224,加购,2025-01-07 15:34:49
10792,浏览,2025-01-07 15:35:12
10001,浏览,2025-01-07 15:37:38
10273,加购,2025-01-07 15:48:55
10487,浏览,2025-01-07 15:50:35
10691,浏览,2025-01-07 16:03:58
10748,加购,2025-01-07 16:15:03
10066,浏览,2025-01-07 16:21:36
10218,浏览,2025-01-07 16:24:12
10536,浏览,2025-01-07 16:25:46
10097,浏览,2025-01-07 16:43:19
10257,下单,2025-01-07 16:47:52
10255,支付,2025-01-07 17:00:41
10252,浏览,2025-01-07 17:11:08
10740,浏览,2025-01-07 17:12:13
10166,浏览,2025-01-07 17:12:55
10115,浏览,2025-01-07 17:21:35
10063,浏览,2025-01-07 17:26:28
10574,浏览,2025-01-07 17:35:20
10308,浏览,2025-01-07 17:36:31
10496,浏览,2025-01-07 17:45:21
10784,浏览,2025-01-07 17:46:21
10228,加购,2025-01-07 17:57:59
10413,浏览,2025-01-07 18:30:49
10741,浏览,2025-01-07 18:32:09
10732,浏览,2025-01-07 18:39:00
10723,浏览,2025-01-07 18:42:30
10405,浏览,2025-01-07 18:47:33
10315,浏览,2025-01-07 18:48:45
10323,浏览,2025-01-07 18:48:52
10560,浏览,2025-01-07 19:16:19
10218,浏览,2025-01-07 19:16:50
10140,浏览,2025-01-07 19:17:12
10324,下单,2025-01-07 19:20:15
10789,浏览,2025-01-07 19:23:45
10320,浏览,2025-01-07 19:42:51
10592,浏览,2025-01-07 19:43:08
10161,浏览,2025-01-07 19:44:07
10393,浏览,2025-01-07 19:51:33
10192,浏览,2025-01-07 19:52:47
10395,浏览,2025-01-07 19:55:33
10198,浏览,2025-01-07 19:56:45
10228,浏览,2025-01-07 19:58:09
10800,浏览,2025-01-07 19:59:23
10014,下单,2025-01-07 19:59:56
10778,浏览,2025-01-07 20:05:25
10453,浏览,2025-01-07 20:07:22
10483,浏览,2025-01-07 20:13:13
10403,浏览,2025-01-07 20:16:59
10531,浏览,2025-01-07 20:18:41
10517,浏览,2025-01-07 20:21:10
10384,浏览,2025-01-07 20:27:17
10331,浏览,2025-01-07 20:32:42
10516,浏览,2025-01-07 20:35:39
10556,浏览,2025-01-07 20:37:33
10008,浏览,2025-01-07 20:48:16
10500,浏览,2025-01-07 20:48:33
10665,浏览,2025-01-07 21:05:02
10047,下单,2025-01-07 21:07:59
10566,浏览,2025-01-07 21:10:29
10775,浏览,2025-01-07 21:10:58
10583,浏览,2025-01-07 21:12:53
10017,浏览,2025-01-07 21:13:30
10148,浏览,2025-01-07 21:17:48
10001,浏览,2025-01-07 21:19:19
10020,浏览,2025-01-07 21:24:24
10375,浏览,2025-01-07 21:30:46
10686,浏览,2025-01-07 21:32:09
10570,支付,2025-01-07 21:32:39
10268,加购,2025-01-07 21:34:42
10620,下单,2025-01-07 21:41:12
10662,浏览,2025-01-07 21:47:47
10011,下单,2025-01-07 21:51:01
10231,浏览,2025-01-07 22:02:51
10081,浏览,2025-01-07 22:09:34
10054,加购,2025-01-07 22:15:40
10212,加购,2025-01-07 22:24:40
10147,浏览,2025-01-07 22:25:44
10055,浏览,2025-01-07 22:26:44
10040,浏览,2025-01-07 22:27:01
10320,浏览,2025-01-07 22:31:27
10618,浏览,2025-01-07 22:38:05
10570,浏览,2025-01-07 22:39:38
10033,浏览,2025-01-07 22:42:17
10058,加购,2025-01-07 22:59:05
10764,下单,2025-01-07 23:08:36
10269,浏览,2025-01-07 23:13:44
10012,浏览,2025-01-07 23:20:16
10169,浏览,2025-01-08 00:42:54
10157,浏览,2025-01-08 02:01:08
10424,浏览,2025-01-08 03:56:57
10110,加购,2025-01-08 04:29:11
10300,浏览,2025-01-08 05:19:58
10016,浏览,2025-01-08 07:06:23
10001,浏览,2025-01-08 07:16:20
10340,浏览,2025-01-08 07:44:17
10043,浏览,2025-01-08 07:45:16
10399,浏览,2025-01-08 07:52:17
10449,加购,2025-01-08 08:00:31
10027,支付,2025-01-08 08:07:34
10387,浏览,2025-01-08 08:33:37
10132,浏览,2025-01-08 08:39:04
10101,浏览,2025-01-08 08:48:00
10255,下单,2025-01-08 08:57:02
10653,浏览,2025-01-08 09:02:10
10126,浏览,2025-01-08 09:03:18
10677,浏览,2025-01-08 09:04:10
10705,加购,2025-01-08 09:12:46
10783,浏览,2025-01-08 09:23:53
10228,加购,2025-01-08 09:27:27
10545,加购,2025-01-08 09:34:06
10728,浏览,2025-01-08 09:38:48
10652,浏览,2025-01-08 09:39:32
10351,浏览,2025-01-08 09:42:04
10021,浏览,2025-01-08 09:42:07
10394,浏览,2025-01-08 09:44:00
10281,浏览,2025-01-08 09:46:30
10370,浏览,2025-01-08 09:48:33
10569,下单,2025-01-08 09:57:25
10378,加购,2025-01-08 09:59:45
10492,浏览,2025-01-08 10:11:48
10525,浏览,2025-01-08 10:18:48
10310,浏览,2025-01-08 10:20:01
10314,加购,2025-01-08 10:27:30
10798,浏览,2025-01-08 10:32:19
10787,浏览,2025-01-08 10:32:51
10461,浏览,2025-01-08 10:38:00
10284,浏览,2025-01-08 10:39:38
10779,浏览,2025-01-08 10:39:47
10732,浏览,2025-01-08 10:46:26
10541,下单,2025-01-08 10:55:44
10026,浏览,2025-01-08 11:04:22
10534,浏览,2025-01-08 11:04:45
10339,浏览,2025-01-08 11:31:13
10253,加购,2025-01-08 11:39:10
10581,浏览,2025-01-08 11:47:11
10700,浏览,2025-01-08 11:50:03
10103,浏览,2025-01-08 11:52:50
10460,浏览,2025-01-08 12:51:50
10679,支付,2025-01-08 12:54:20
10772,加购,2025-01-08 12:57:17
10652,浏览,2025-01-08 13:00:59
10736,浏览,2025-01-08 13:04:32
10340,加购,2025-01-08 13:20:10
10708,浏览,2025-01-08 13:24:22
10121,支付,2025-01-08 13:43:45
10167,浏览,2025-01-08 14:10:37
10568,浏览,2025-01-08 14:15:52
10624,浏览,2025-01-08 14:21:32
10216,浏览,2025-01-08 14:23:42
10409,加购,2025-01-08 14:29:42
10553,浏览,2025-01-08 14:30:21
10684,浏览,2025-01-08 14:38:03
10127,浏览,2025-01-08 14:38:28
10104,浏览,2025-01-08 14:43:39
10435,浏览,2025-01-08 14:48:20
10718,浏览,2025-01-08 15:29:42
10289,加购,2025-01-08 15:37:25
10169,加购,2025-01-08 15:38:15
10665,浏览,2025-01-08 15:40:54
10787,支付,2025-01-08 15:47:07
10590,浏览,2025-01-08 15:50:25
10284,浏览,2025-01-08 15:56:06
10038,浏览,2025-01-08 15:58:27
10659,加购,2025-01-08 16:02:14
10034,浏览,2025-01-08 16:04:16
10743,加购,2025-01-08 16:40:12
10767,浏览,2025-01-08 17:11:10
10739,浏览,2025-01-08 17:54:24
10257,浏览,2025-01-08 18:08:01
10307,下单,2025-01-08 18:17:16
10774,浏览,2025-01-08 18:18:31
10635,浏览,2025-01-08 18:18:34
10294,加购,2025-01-08 18:22:14
10704,浏览,2025-01-08 18:24:33
10334,浏览,2025-01-08 18:25:47
10167,浏览,2025-01-08 18:42:27
10698,浏览,2025-01-08 18:42:53
10294,浏览,2025-01-08 18:46:30
10085,加购,2025-01-08 18:46:32
10673,加购,2025-01-08 18:47:26
10019,支付,2025-01-08 18:50:45
10755,浏览,2025-01-08 18:51:24
10593,浏览,2025-01-08 18:56:07
10315,浏览,2025-01-08 18:56:14
10546,浏览,2025-01-08 18:56:27
10744,浏览,2025-01-08 19:07:09
10302,浏览,2025-01-08 19:08:43
10772,浏览,2025-01-08 19:09:06
10542,浏览,2025-01-08 19:13:37
10601,浏览,2025-01-08 19:16:30
10642,加购,2025-01-08 19:22:19
10367,浏览,2025-01-08 19:22:49
10137,浏览,2025-01-08 19:24:14
10592,浏览,2025-01-08 19:28:15
10390,浏览,2025-01-08 19:30:33
10633,加购,2025-01-08 19:37:25
10587,支付,2025-01-08 19:39:15
10298,浏览,2025-01-08 19:58:53
10691,加购,2025-01-08 20:00:02
10524,浏览,2025-01-08 20:08:03
10414,浏览,2025-01-08 20:08:13
10103,浏览,2025-01-08 20:08:27
10336,浏览,2025-01-08 20:09:51
10277,下单,2025-01-08 20:12:48
10112,浏览,2025-01-08 20:14:08
10702,浏览,2025-01-08 20:16:12
10720,加购,2025-01-08 20:19:21
10129,下单,2025-01-08 20:26:43
10405,浏览,2025-01-08 20:27:23
10356,浏览,2025-01-08 20:28:19
10400,浏览,2025-01-08 20:28:40
10124,浏览,2025-01-08 20:37:15
10601,浏览,2025-01-08 20:41:50
10427,下单,2025-01-08 20:43:06
10557,浏览,2025-01-08 20:45:40
10577,浏览,2025-01-08 20:49:29
10094,下单,2025-01-08 20:56:22
10386,浏览,2025-01-08 20:59:39
10235,浏览,2025-01-08 21:00:02
10455,浏览,2025-01-08 21:06:43
10505,浏览,2025-01-08 21:08:24
10229,加购,2025-01-08 21:15:29
10146,浏览,2025-01-08 21:16:31
10553,浏览,2025-01-08 21:19:46
10235,浏览,2025-01-08 21:22:09
10159,浏览,2025-01-08 21:22:54
10434,浏览,2025-01-08 21:23:05
10125,浏览,2025-01-08 21:24:00
10245,浏览,2025-01-08 21:26:02
10073,浏览,2025-01-08 21:26:24
10238,加购,2025-01-08 21:32:54
10071,浏览,2025-01-08 21:33:58
10700,加购,2025-01-08 21:34:48
10535,浏览,2025-01-08 21:36:23
10355,加购,2025-01-08 21:43:36
10542,浏览,2025-01-08 21:48:01
10305,浏览,2025-01-08 21:48:45
10633,加购,2025-01-08 21:50:42
10292,浏览,2025-01-08 21:51:00
10141,浏览,2025-01-08 21:51:13
10286,浏览,2025-01-08 21:52:44
10251,加购,2025-01-08 21:54:16
10569,浏览,2025-01-08 22:02:47
10435,支付,2025-01-08 22:13:49
10730,浏览,2025-01-08 22:19:21
10152,浏览,2025-01-08 22:25:32
10544,浏览,2025-01-08 22:28:15
10377,浏览,2025-01-08 22:30:09
10285,支付,2025-01-08 22:41:05
10440,支付,2025-01-08 22:48:39
10634,下单,2025-01-08 23:18:21
10364,浏览,2025-01-08 23:32:17
10548,加购,2025-01-08 23:42:58
10136,加购,2025-01-08 23:47:02
10485,加购,2025-01-09 03:27:47
10351,浏览,2025-01-09 04:59:42
10502,浏览,2025-01-09 06:23:13
10268,浏览,2025-01-09 06:38:27
10445,加购,2025-01-09 07:00:00
10516,浏览,2025-01-09 07:23:22
10582,浏览,2025-01-09 07:27:40
10745,加购,2025-01-09 07:30:37
10585,浏览,2025-01-09 07:32:12
10549,浏览,2025-01-09 07:36:25
10292,加购,2025-01-09 08:07:25
10308,加购,2025-01-09 08:09:35
10178,下单,2025-01-09 08:15:42
10316,浏览,2025-01-09 08:31:10
10167,浏览,2025-01-09 08:36:36
10606,浏览,2025-01-09 08:49:52
10407,浏览,2025-01-09 08:58:08
10225,加购,2025-01-09 09:01:34
10310,浏览,2025-01-09 09:06:27
10489,支付,2025-01-09 09:14:28
10680,浏览,2025-01-09 09:18:12
10680,浏览,2025-01-09 09:21:34
10039,浏览,2025-01-09 09:21:57
10359,浏览,2025-01-09 09:25:07
10321,浏览,2025-01-09 09:25:46
10297,加购,2025-01-09 09:34:52
10106,加购,2025-01-09 09:36:06
10639,浏览,2025-01-09 09:43:21
10731,浏览,2025-01-09 09:45:50
10659,浏览,2025-01-09 09:47:35
10295,浏览,2025-01-09 09:49:00
10317,浏览,2025-01-09 09:58:00
10400,浏览,2025-01-09 10:00:10
10079,浏览,2025-01-09 10:11:10
10697,浏览,2025-01-09 10:12:19
10427,加购,2025-01-09 10:16:30
10325,浏览,2025-01-09 10:58:31
10622,浏览,2025-01-09 10:58:32
10465,浏览,2025-01-09 10:59:22
10687,下单,2025-01-09 11:03:52
10511,加购,2025-01-09 11:24:19
10150,浏览,2025-01-09 11:28:58
10266,浏览,2025-01-09 11:30:39
10437,浏览,2025-01-09 11:34:27
10664,浏览,2025-01-09 11:43:04
10761,浏览,2025-01-09 12:13:45
10010,浏览,2025-01-09 12:16:01
10081,浏览,2025-01-09 12:48:35
10275,加购,2025-01-09 12:57:50
10793,浏览,2025-01-09 13:09:22
10076,浏览,2025-01-09 13:26:04
10072,支付,2025-01-09 13:32:25
10461,加购,2025-01-09 13:35:35
10700,浏览,2025-01-09 13:40:29
10461,浏览,2025-01-09 13:58:55
10561,浏览,2025-01-09 14:02:03
10461,浏览,2025-01-09 14:02:51
10438,浏览,2025-01-09 14:09:43
10473,浏览,2025-01-09 14:13:29
10512,浏览,2025-01-09 14:14:22
10469,浏览,2025-01-09 14:41:06
10505,浏览,2025-01-09 14:44:51
10518,浏览,2025-01-09 14:48:26
10506,浏览,2025-01-09 15:07:28
10323,加购,2025-01-09 15:31:56
10429,浏览,2025-01-09 15:44:27
10014,下单,2025-01-09 15:45:26
10279,浏览,2025-01-09 15:54:06
10674,浏览,2025-01-09 15:57:27
10390,浏览,2025-01-09 16:09:13
10276,浏览,2025-01-09 16:10:14
10381,浏览,2025-01-09 16:13:59
10519,浏览,2025-01-09 16:24:39
10377,浏览,2025-01-09 16:29:11
10062,浏览,2025-01-09 16:40:06
10649,支付,2025-01-09 16:49:07
10379,浏览,2025-01-09 16:51:58
10123,浏览,2025-01-09 16:59:56
10226,浏览,2025-01-09 17:10:14
10018,浏览,2025-01-09 17:18:01
10148,浏览,2025-01-09 17:29:01
10334,支付,2025-01-09 17:32:27
10611,加购,2025-01-09 17:33:12
10105,浏览,2025-01-09 17:39:25
10560,浏览,2025-01-09 17:39:46
10046,浏览,2025-01-09 17:42:48
10746,浏览,2025-01-09 17:56:52
10241,浏览,2025-01-09 17:56:54
10116,浏览,2025-01-09 18:00:19
10067,浏览,2025-01-09 18:26:34
10406,浏览,2025-01-09 18:31:10
10768,浏览,2025-01-09 18:42:37
10568,浏览,2025-01-09 18:44:47
10456,浏览,2025-01-09 18:59:46
10023,浏览,2025-01-09 19:08:18
10360,支付,2025-01-09 19:16:23
10274,浏览,2025-01-09 19:19:58
10037,浏览,2025-01-09 19:21:23
10224,下单,2025-01-09 19:35:19
10522,加购,2025-01-09 19:43:17
10364,浏览,2025-01-09 19:43:41
10652,浏览,2025-01-09 19:46:49
10631,浏览,2025-01-09 19:50:41
10328,浏览,2025-01-09 19:55:51
10429,浏览,2025-01-09 19:55:58
10413,浏览,2025-01-09 19:56:23
10602,浏览,2025-01-09 19:56:28
10749,浏览,2025-01-09 20:00:47
10226,浏览,2025-01-09 20:00:48
10354,浏览,2025-01-09 20:07:03
10585,加购,2025-01-09 20:07:06
10136,下单,2025-01-09 20:17:05
10461,浏览,2025-01-09 20:20:12
10253,浏览,2025-01-09 20:20:43
10166,加购,2025-01-09 20:24:24
10667,浏览,2025-01-09 20:32:49
10483,浏览,2025-01-09 20:35:48
10704,浏览,2025-01-09 20:40:37
10168,加购,2025-01-09 20:44:05
10710,浏览,2025-01-09 20:46:00
10442,浏览,2025-01-09 20:48:25
10199,加购,2025-01-09 20:48:46
10604,浏览,2025-01-09 20:49:57
10171,浏览,2025-01-09 20:57:36
10194,浏览,2025-01-09 20:58:58
10023,浏览,2025-01-09 21:01:53
10285,下单,2025-01-09 21:03:41
10664,浏览,2025-01-09 21:04:03
10235,加购,2025-01-09 21:05:50
10218,浏览,2025-01-09 21:06:27
10126,加购,2025-01-09 21:07:56
10758,浏览,2025-01-09 21:08:43
10384,浏览,2025-01-09 21:09:05
10051,浏览,2025-01-09 21:11:01
10146,加购,2025-01-09 21:11:14
10102,浏览,2025-01-09 21:18:07
10122,下单,2025-01-09 21:26:16
10353,浏览,2025-01-09 21:39:58
10056,浏览,2025-01-09 21:41:06
10069,浏览,2025-01-09 21:42:22
10190,浏览,2025-01-09 21:44:41
10005,下单,2025-01-09 21:53:41
10360,加购,2025-01-09 21:54:29
10789,加购,2025-01-09 21:54:44
10341,支付,2025-01-09 22:16:11
10157,浏览,2025-01-09 22:22:29
10576,浏览,2025-01-09 22:31:20
10568,加购,2025-01-09 22:32:19
10307,下单,2025-01-09 22:51:06
10420,浏览,2025-01-09 22:57:21
10430,浏览,2025-01-09 23:05:00
10438,浏览,2025-01-09 23:13:00
10579,浏览,2025-01-09 23:25:48
10573,浏览,2025-01-09 23:36:22
10498,加购,2025-01-09 23:36:40
10724,浏览,2025-01-09 23:37:24
10140,加购,2025-01-10 00:16:45
10022,浏览,2025-01-10 01:53:24
10223,浏览,2025-01-10 03:53:11
10339,浏览,2025-01-10 05:32:56
10005,浏览,2025-01-10 05:57:36
10719,加购,2025-01-10 06:03:07
10047,浏览,2025-01-10 06:09:56
10098,浏览,2025-01-10 06:51:36
10446,浏览,2025-01-10 06:55:31
10205,浏览,2025-01-10 07:01:13
10463,浏览,2025-01-10 08:06:43
10366,浏览,2025-01-10 08:07:56
10153,加购,2025-01-10 08:15:07
10795,浏览,2025-01-10 08:15:26
10495,加购,2025-01-10 08:40:59
10234,浏览,2025-01-10 08:46:05
10618,浏览,2025-01-10 08:58:24
10022,浏览,2025-01-10 09:07:24
10102,浏览,2025-01-10 09:16:49
10031,浏览,2025-01-10 09:56:16
10136,下单,2025-01-10 09:59:56
10165,加购,2025-01-10 10:11:53
10770,浏览,2025-01-10 10:12:09
10533,支付,2025-01-10 10:32:35
10421,加购,2025-01-10 10:32:58
10685,浏览,2025-01-10 10:43:37
10264,浏览,2025-01-10 10:49:08
10283,浏览,2025-01-10 10:56:17
10071,浏览,2025-01-10 10:56:50
10468,支付,2025-01-10 11:03:06
10007,浏览,2025-01-10 11:03:09
10110,浏览,2025-01-10 11:15:48
10672,浏览,2025-01-10 11:26:25
10059,支付,2025-01-10 11:58:13
10693,浏览,2025-01-10 12:01:37
10206,浏览,2025-01-10 12:06:37
10497,浏览,2025-01-10 12:14:40
10237,浏览,2025-01-10 12:16:08
10268,浏览,2025-01-10 12:22:50
10560,浏览,2025-01-10 12:28:48
10082,浏览,2025-01-10 12:38:45
10205,加购,2025-01-10 12:41:03
10199,浏览,2025-01-10 12:44:23
10730,浏览,2025-01-10 12:49:28
10311,浏览,2025-01-10 13:22:53
10256,加购,2025-01-10 13:25:02
10709,浏览,2025-01-10 13:36:39
10105,下单,2025-01-10 13:39:21
10646,支付,2025-01-10 14:08:34
10656,下单,2025-01-10 14:22:29
10031,浏览,2025-01-10 14:23:58
10049,加购,2025-01-10 14:33:17
10567,浏览,2025-01-10 14:53:53
10651,浏览,2025-01-10 15:01:16
10049,浏览,2025-01-10 15:10:39
10591,浏览,2025-01-10 15:14:26
10093,浏览,2025-01-10 15:15:05
10241,浏览,2025-01-10 15:24:36
10764,浏览,2025-01-10 15:25:48
10047,浏览,2025-01-10 15:33:38
10677,加购,2025-01-10 15:56:43
10312,加购,2025-01-10 16:27:18
10689,浏览,2025-01-10 16:41:40
10215,浏览,2025-01-10 16:42:28
10468,加购,2025-01-10 16:45:03
10541,浏览,2025-01-10 16:46:21
10310,加购,2025-01-10 16:47:29
10277,加购,2025-01-10 16:53:05
10409,下单,2025-01-10 17:10:48
10648,浏览,2025-01-10 17:20:34
10649,支付,2025-01-10 17:23:44
10654,浏览,2025-01-10 17:27:18
10246,加购,2025-01-10 17:35:26
10718,浏览,2025-01-10 17:38:06
10726,下单,2025-01-10 17:41:50
10670,浏览,2025-01-10 17:54:06
10661,浏览,2025-01-10 18:03:24
10603,支付,2025-01-10 18:03:39
10664,浏览,2025-01-10 18:04:54
10012,下单,2025-01-10 18:13:11
10748,浏览,2025-01-10 18:27:24
10133,浏览,2025-01-10 18:31:58
10619,浏览,2025-01-10 18:32:45
10183,浏览,2025-01-10 18:44:44
10622,浏览,2025-01-10 18:45:17
10260,浏览,2025-01-10 18:56:41
10254,浏览,2025-01-10 18:58:44
10198,浏览,2025-01-10 19:02:18
10166,浏览,2025-01-10 19:05:42
10742,浏览,2025-01-10 19:07:39
10209,浏览,2025-01-10 19:18:46
10422,浏览,2025-01-10 19:25:52
10163,浏览,2025-01-10 19:27:39
10782,加购,2025-01-10 19:28:27
10238,浏览,2025-01-10 19:29:04
10472,浏览,2025-01-10 19:42:47
10371,浏览,2025-01-10 19:48:32
10300,加购,2025-01-10 19:50:04
10404,加购,2025-01-10 19:58:32
10436,浏览,2025-01-10 20:01:34
10552,浏览,2025-01-10 20:09:30
10492,浏览,2025-01-10 20:20:34
10718,浏览,2025-01-10 20:20:58
10494,支付,2025-01-10 20:21:51
10480,浏览,2025-01-10 20:24:26
10018,浏览,2025-01-10 20:28:51
10223,浏览,2025-01-10 20:31:23
10724,浏览,2025-01-10 20:37:55
10069,下单,2025-01-10 20:42:14
10153,加购,2025-01-10 20:44:20
10572,浏览,2025-01-10 20:45:13
10612,浏览,2025-01-10 20:47:56
10471,浏览,2025-01-10 20:51:18
10547,浏览,2025-01-10 20:54:15
10159,浏览,2025-01-10 20:59:00
10455,浏览,2025-01-10 21:02:20
10069,浏览,2025-01-10 21:05:33
10098,加购,2025-01-10 21:06:15
10648,浏览,2025-01-10 21:06:29
10050,下单,2025-01-10 21:13:11
10376,加购,2025-01-10 21:15:33
10200,加购,2025-01-10 21:21:15
10632,下单,2025-01-10 21:21:59
10058,浏览,2025-01-10 21:25:06
10281,浏览,2025-01-10 21:28:55
10109,加购,2025-01-10 21:32:38
10575,浏览,2025-01-10 21:34:32
10388,浏览,2025-01-10 21:39:56
10525,浏览,2025-01-10 21:44:33
10231,加购,2025-01-10 21:59:57
10124,加购,2025-01-10 22:06:22
10513,浏览,2025-01-10 22:08:15
10746,浏览,2025-01-10 22:13:28
10230,下单,2025-01-10 22:16:38
10357,浏览,2025-01-10 22:36:52
10690,加购,2025-01-10 22:37:05
10042,加购,2025-01-10 22:40:24
10425,浏览,2025-01-10 22:40:37
10586,浏览,2025-01-10 23:18:01
10157,浏览,2025-01-10 23:19:18
10708,浏览,2025-01-10 23:20:30
10192,浏览,2025-01-10 23:35:54
10647,浏览,2025-01-10 23:47:05
10015,浏览,2025-01-11 00:13:48
10670,浏览,2025-01-11 00:28:49
10711,加购,2025-01-11 00:42:24
10431,浏览,2025-01-11 01:12:21
10689,浏览,2025-01-11 02:07:33
10071,浏览,2025-01-11 03:26:52
10471,下单,2025-01-11 04:44:08
10064,浏览,2025-01-11 06:43:40
10283,支付,2025-01-11 06:48:00
10625,浏览,2025-01-11 06:54:20
10126,浏览,2025-01-11 07:08:19
10457,浏览,2025-01-11 07:41:12
10757,浏览,2025-01-11 07:41:36
10536,支付,2025-01-11 08:11:29
10662,浏览,2025-01-11 08:13:46
10340,浏览,2025-01-11 08:13:46
10793,加购,2025-01-11 08:29:00
10375,浏览,2025-01-11 08:29:48
10588,浏览,2025-01-11 08:31:21
10228,加购,2025-01-11 09:21:17
10760,浏览,2025-01-11 09:36:27
10692,浏览,2025-01-11 09:37:42
10415,浏览,2025-01-11 09:39:29
10399,浏览,2025-01-11 09:41:12
10741,浏览,2025-01-11 09:47:51
10790,浏览,2025-01-11 09:48:56
10096,浏览,2025-01-11 09:56:08
10446,浏览,2025-01-11 10:03:51
10567,浏览,2025-01-11 10:05:01
10766,浏览,2025-01-11 10:07:20
10074,浏览,2025-01-11 10:20:41
10521,浏览,2025-01-11 10:25:38
10207,加购,2025-01-11 10:30:44
10581,加购,2025-01-11 10:31:25
10618,浏览,2025-01-11 10:32:34
10723,加购,2025-01-11 10:35:42
10724,浏览,2025-01-11 10:35:58
10705,浏览,2025-01-11 10:36:50
10303,浏览,2025-01-11 10:36:53
10627,加购,2025-01-11 10:43:28
10713,浏览,2025-01-11 10:44:23
10701,浏览,2025-01-11 10:48:21
10663,浏览,2025-01-11 10:48:21
10491,浏览,2025-01-11 10:59:32
10431,浏览,2025-01-11 11:03:08
10488,浏览,2025-01-11 11:04:51
10210,浏览,2025-01-11 11:07:41
10408,加购,2025-01-11 11:10:56
10164,浏览,2025-01-11 11:13:48
10439,浏览,2025-01-11 11:14:45
10077,加购,2025-01-11 11:17:03
10792,浏览,2025-01-11 11:56:09
10481,浏览,2025-01-11 12:00:33
10293,浏览,2025-01-11 12:34:05
10691,加购,2025-01-11 12:40:38
10772,浏览,2025-01-11 12:46:36
10211,浏览,2025-01-11 12:50:58
10657,浏览,2025-01-11 12:55:37
10219,浏览,2025-01-11 13:13:48
10013,浏览,2025-01-11 13:28:09
10229,浏览,2025-01-11 13:39:30
10425,浏览,2025-01-11 13:51:40
10787,浏览,2025-01-11 13:57:11
10276,浏览,2025-01-11 14:03:23
10025,加购,2025-01-11 14:05:07
10194,浏览,2025-01-11 14:14:05
10587,下单,2025-01-11 14:16:05
10696,浏览,2025-01-11 14:26:17
10117,浏览,2025-01-11 14:36:39
10072,浏览,2025-01-11 14:49:10
10377,浏览,2025-01-11 15:03:15
10699,浏览,2025-01-11 15:03:47
10211,浏览,2025-01-11 15:06:09
10663,浏览,2025-01-11 15:06:33
10320,下单,2025-01-11 15:08:13
10020,浏览,2025-01-11 15:16:54
10719,浏览,2025-01-11 15:22:33
10023,浏览,2025-01-11 15:30:22
10354,加购,2025-01-11 15:32:07
10779,下单,2025-01-11 15:42:09
10041,浏览,2025-01-11 15:43:09
10269,加购,2025-01-11 15:47:51
10481,浏览,2025-01-11 15:51:18
10707,加购,2025-01-11 16:35:59
10494,浏览,2025-01-11 16:56:57
10615,浏览,2025-01-11 17:24:26
10066,浏览,2025-01-11 17:26:03
10142,浏览,2025-01-11 17:47:57
10641,浏览,2025-01-11 17:53:47
10076,下单,2025-01-11 18:04:08
10027,浏览,2025-01-11 18:06:06
10112,浏览,2025-01-11 18:22:14
10290,浏览,2025-01-11 18:23:21
10120,浏览,2025-01-11 18:28:16
10541,支付,2025-01-11 18:39:25
10609,浏览,2025-01-11 18:44:12
10387,浏览,2025-01-11 18:51:31
10143,浏览,2025-01-11 18:51:38
10445,浏览,2025-01-11 18:54:06
10466,下单,2025-01-11 18:55:49
10763,浏览,2025-01-11 18:58:58
10647,支付,2025-01-11 19:00:28
10716,浏览,2025-01-11 19:00:43
10397,浏览,2025-01-11 19:03:50
10181,浏览,2025-01-11 19:16:37
10560,支付,2025-01-11 19:18:30
10800,浏览,2025-01-11 19:31:49
10636,浏览,2025-01-11 19:43:50
10615,浏览,2025-01-11 19:46:01
10337,浏览,2025-01-11 19:48:02
10344,浏览,2025-01-11 19:50:20
10458,浏览,2025-01-11 19:59:33
10307,加购,2025-01-11 20:01:42
10603,浏览,2025-01-11 20:03:07
10764,浏览,2025-01-11 20:04:32
10799,浏览,2025-01-11 20:05:50
10530,浏览,2025-01-11 20:19:16
10565,浏览,2025-01-11 20:22:26
10114,浏览,2025-01-11 20:27:53
10025,浏览,2025-01-11 20:29:22
10677,浏览,2025-01-11 20:30:51
10447,下单,2025-01-11 20:31:48
10517,浏览,2025-01-11 20:34:34
10644,加购,2025-01-11 20:34:48
10379,浏览,2025-01-11 20:36:38
10222,加购,2025-01-11 20:39:27
10284,浏览,2025-01-11 20:40:16
10230,浏览,2025-01-11 20:49:02
10153,下单,2025-01-11 20:49:35
10373,加购,2025-01-11 20:53:39
10768,浏览,2025-01-11 20:54:12
10293,浏览,2025-01-11 20:55:12
10254,浏览,2025-01-11 20:55:57
10187,浏览,2025-01-11 20:57:36
10549,浏览,2025-01-11 21:02:28
10546,下单,2025-01-11 21:17:03
10217,浏览,2025-01-11 21:21:35
10652,浏览,2025-01-11 21:26:06
10531,浏览,2025-01-11 21:26:25
10323,浏览,2025-01-11 21:26:48
10349,加购,2025-01-11 21:27:49
10122,浏览,2025-01-11 21:28:29
10366,加购,2025-01-11 21:29:55
10570,浏览,2025-01-11 21:33:29
10228,浏览,2025-01-11 21:33:37
10310,浏览,2025-01-11 21:37:54
10749,浏览,2025-01-11 21:53:59
10632,浏览,2025-01-11 21:56:15
10404,加购,2025-01-11 22:07:53
10312,浏览,2025-01-11 22:14:22
10383,支付,2025-01-11 22:15:53
10481,浏览,2025-01-11 22:25:43
10377,浏览,2025-01-11 22:36:47
10460,浏览,2025-01-11 22:43:02
10082,浏览,2025-01-11 22:45:37
10638,下单,2025-01-11 22:46:58
10725,浏览,2025-01-11 22:48:36
10009,浏览,2025-01-11 23:09:38
10430,加购,2025-01-11 23:27:24
10111,浏览,2025-01-11 23:40:20
10503,浏览,2025-01-12 00:05:18
10438,浏览,2025-01-12 03:22:22
10240,支付,2025-01-12 06:31:57
10750,浏览,2025-01-12 06:48:31
10713,支付,2025-01-12 07:06:42
10038,支付,2025-01-12 07:14:05
10652,下单,2025-01-12 07:18:33
10174,浏览,2025-01-12 07:26:05
10081,浏览,2025-01-12 07:27:14
10637,浏览,2025-01-12 07:33:37
10719,浏览,2025-01-12 07:50:00
10509,浏览,2025-01-12 07:54:36
10258,浏览,2025-01-12 07:55:10
10066,浏览,2025-01-12 08:02:46
10781,浏览,2025-01-12 08:06:32
10032,浏览,2025-01-12 08:15:31
10756,浏览,2025-01-12 08:16:00
10614,加购,2025-01-12 08:16:49
10761,浏览,2025-01-12 08:23:29
10640,下单,2025-01-12 08:26:32
10295,浏览,2025-01-12 08:32:13
10137,浏览,2025-01-12 08:34:25
10458,浏览,2025-01-12 08:36:07
10724,浏览,2025-01-12 08:45:24
10209,加购,2025-01-12 08:59:18
10236,浏览,2025-01-12 09:12:59
10090,浏览,2025-01-12 09:24:39
10173,加购,2025-01-12 09:46:34
10266,浏览,2025-01-12 09:48:41
10199,浏览,2025-01-12 10:00:45
10397,浏览,2025-01-12 10:02:02
10054,支付,2025-01-12 10:04:49
10183,浏览,2025-01-12 10:36:17
10238,浏览,2025-01-12 10:42:13
10605,浏览,2025-01-12 10:45:04
10681,浏览,2025-01-12 10:48:15
10161,下单,2025-01-12 11:05:08
10271,加购,2025-01-12 11:08:06
10440,加购,2025-01-12 11:13:42
10281,浏览,2025-01-12 11:23:42
10519,浏览,2025-01-12 11:24:54
10540,浏览,2025-01-12 11:25:05
10664,加购,2025-01-12 11:30:45
10635,浏览,2025-01-12 11:42:07
10704,加购,2025-01-12 11:59:24
10470,浏览,2025-01-12 12:21:57
10071,加购,2025-01-12 12:28:53
10777,加购,2025-01-12 12:34:00
10766,支付,2025-01-12 12:48:20
10185,浏览,2025-01-12 13:10:05
10075,加购,2025-01-12 13:20:07
10095,加购,2025-01-12 13:26:21
10026,下单,2025-01-12 13:33:42
10467,浏览,2025-01-12 13:34:27
10356,浏览,2025-01-12 13:45:56
10047,浏览,2025-01-12 13:47:37
10500,浏览,2025-01-12 13:56:07
10349,浏览,2025-01-12 14:02:03
10044,浏览,2025-01-12 14:06:16
10209,浏览,2025-01-12 14:06:35
10493,浏览,2025-01-12 14:10:30
10356,浏览,2025-01-12 14:16:02
10058,下单,2025-01-12 14:45:54
10563,浏览,2025-01-12 14:48:59
10572,加购,2025-01-12 14:56:08
10531,下单,2025-01-12 14:58:29
10207,浏览,2025-01-12 15:02:16
10461,下单,2025-01-12 15:04:36
10606,浏览,2025-01-12 15:04:36
10198,加购,2025-01-12 15:09:45
10054,支付,2025-01-12 15:11:04
10058,浏览,2025-01-12 15:15:33
10274,浏览,2025-01-12 15:28:20
10595,浏览,2025-01-12 15:31:57
10663,浏览,2025-01-12 15:34:32
10755,浏览,2025-01-12 15:42:58
10787,浏览,2025-01-12 15:50:19
10628,加购,2025-01-12 15:59:59
10145,浏览,2025-01-12 16:04:31
10790,浏览,2025-01-12 16:06:41
10785,浏览,2025-01-12 16:10:29
10418,下单,2025-01-12 16:18:39
10179,浏览,2025-01-12 16:22:49
10660,下单,2025-01-12 16:38:25
10523,浏览,2025-01-12 16:42:15
10478,浏览,2025-01-12 16:54:35
10010,支付,2025-01-12 16:55:32
10416,浏览,2025-01-12 17:09:27
10282,浏览,2025-01-12 17:19:29
10750,加购,2025-01-12 17:25:33
10530,加购,2025-01-12 17:32:28
10711,加购,2025-01-12 17:36:01
10580,加购,2025-01-12 17:42:23
10049,加购,2025-01-12 17:44:33
10341,浏览,2025-01-12 17:52:41
10419,浏览,2025-01-12 18:02:33
10164,支付,2025-01-12 18:15:52
10147,浏览,2025-01-12 18:25:19
10135,浏览,2025-01-12 18:27:02
10706,加购,2025-01-12 18:30:04
10056,浏览,2025-01-12 18:30:14
10702,加购,2025-01-12 18:38:27
10758,浏览,2025-01-12 18:52:10
10012,浏览,2025-01-12 19:03:42
10058,浏览,2025-01-12 19:07:20
10783,加购,2025-01-12 19:13:25
10271,浏览,2025-01-12 19:14:34
10373,浏览,2025-01-12 19:15:20
10536,支付,2025-01-12 19:18:10
10484,浏览,2025-01-12 19:23:46
10234,加购,2025-01-12 19:25:40
10141,浏览,2025-01-12 19:28:48
10388,浏览,2025-01-12 19:33:49
10179,浏览,2025-01-12 19:36:21
10619,浏览,2025-01-12 19:41:35
10702,浏览,2025-01-12 19:53:23
10502,浏览,2025-01-12 19:53:29
10591,下单,2025-01-12 20:01:19
10144,浏览,2025-01-12 20:03:02
10155,浏览,2025-01-12 20:16:50
10022,浏览,2025-01-12 20:16:57
10501,加购,2025-01-12 20:20:26
10187,浏览,2025-01-12 20:21:17
10260,加购,2025-01-12 20:22:15
10025,浏览,2025-01-12 20:27:01
10406,浏览,2025-01-12 20:32:18
10456,加购,2025-01-12 20:33:28
10283,浏览,2025-01-12 20:37:07
10685,浏览,2025-01-12 20:47:50
10599,浏览,2025-01-12 20:47:55
10310,浏览,2025-01-12 20:49:12
10690,浏览,2025-01-12 20:51:54
10718,加购,2025-01-12 20:53:50
10434,浏览,2025-01-12 20:59:50
10668,加购,2025-01-12 21:03:07
10463,浏览,2025-01-12 21:04:41
10769,浏览,2025-01-12 21:07:03
10207,下单,2025-01-12 21:12:05
10782,浏览,2025-01-12 21:16:25
10632,加购,2025-01-12 21:16:36
10023,下单,2025-01-12 21:17:48
10049,支付,2025-01-12 21:22:43
10558,浏览,2025-01-12 21:23:11
10749,支付,2025-01-12 21:29:47
10602,浏览,2025-01-12 21:39:11
10124,浏览,2025-01-12 21:49:22
10330,浏览,2025-01-12 21:51:47
10270,浏览,2025-01-12 21:59:15
10311,浏览,2025-01-12 22:03:52
10161,下单,2025-01-12 22:07:38
10799,浏览,2025-01-12 22:20:55
10537,浏览,2025-01-12 22:40:07
10050,浏览,2025-01-12 22:40:10
10570,浏览,2025-01-12 22:42:24
10267,浏览,2025-01-12 22:49:54
10076,加购,2025-01-12 22:58:26
10043,浏览,2025-01-12 23:35:26
10507,浏览,2025-01-12 23:35:31
10567,浏览,2025-01-12 23:37:31
10159,支付,2025-01-13 02:00:57
10469,浏览,2025-01-13 02:19:02
10734,浏览,2025-01-13 02:50:46
10375,浏览,2025-01-13 03:34:07
10586,浏览,2025-01-13 05:27:46
10768,浏览,2025-01-13 05:47:16
10503,浏览,2025-01-13 06:03:58
10685,浏览,2025-01-13 06:46:17
10690,浏览,2025-01-13 06:54:36
10163,支付,2025-01-13 07:13:52
10428,浏览,2025-01-13 07:26:22
10031,浏览,2025-01-13 07:39:47
10675,浏览,2025-01-13 07:53:41
10211,加购,2025-01-13 08:26:56
10466,下单,2025-01-13 08:33:08
10088,浏览,2025-01-13 08:41:42
10550,加购,2025-01-13 08:45:26
10325,加购,2025-01-13 08:49:20
10345,浏览,2025-01-13 08:54:22
10068,浏览,2025-01-13 09:10:38
10570,浏览,2025-01-13 09:12:48
10749,浏览,2025-01-13 09:13:17
10199,浏览,2025-01-13 09:17:33
10044,浏览,2025-01-13 09:18:29
10273,浏览,2025-01-13 09:36:02
10361,浏览,2025-01-13 09:36:11
10230,浏览,2025-01-13 09:38:36
10680,下单,2025-01-13 09:56:19
10758,浏览,2025-01-13 10:00:23
10688,浏览,2025-01-13 10:07:02
10790,浏览,2025-01-13 10:20:15
10387,浏览,2025-01-13 10:20:22
10065,加购,2025-01-13 10:27:52
10249,支付,2025-01-13 10:30:29
10468,浏览,2025-01-13 10:38:32
10675,浏览,2025-01-13 10:40:02
10248,浏览,2025-01-13 10:41:25
10124,下单,2025-01-13 10:52:50
10363,浏览,2025-01-13 10:56:39
10580,浏览,2025-01-13 11:01:20
10616,浏览,2025-01-13 11:12:35
10033,加购,2025-01-13 11:13:58
10730,加购,2025-01-13 11:39:38
10024,支付,2025-01-13 11:49:01
10273,浏览,2025-01-13 11:53:04
10650,浏览,2025-01-13 12:06:05
10437,浏览,2025-01-13 12:11:09
10691,浏览,2025-01-13 12:11:32
10314,浏览,2025-01-13 12:13:34
10141,浏览,2025-01-13 12:17:15
10506,浏览,2025-01-13 12:29:31
10205,浏览,2025-01-13 12:31:02
10604,加购,2025-01-13 12:44:18
10424,浏览,2025-01-13 13:24:06
10284,加购,2025-01-13 13:39:21
10139,浏览,2025-01-13 13:39:24
10611,加购,2025-01-13 13:41:42
10494,加购,2025-01-13 13:51:47
10570,浏览,2025-01-13 13:53:44
10176,加购,2025-01-13 14:00:35
10636,浏览,2025-01-13 14:06:14
10410,浏览,2025-01-13 14:12:33
10641,浏览,2025-01-13 14:27:34
10433,浏览,2025-01-13 14:29:33
10778,浏览,2025-01-13 14:35:30
10370,加购,2025-01-13 14:39:21
10590,浏览,2025-01-13 14:45:12
10636,浏览,2025-01-13 14:50:22
10077,浏览,2025-01-13 14:51:47
10288,加购,2025-01-13 14:59:36
10635,浏览,2025-01-13 15:04:29
10494,浏览,2025-01-13 15:05:48
10348,加购,2025-01-13 15:06:20
10787,浏览,2025-01-13 15:15:27
10765,浏览,2025-01-13 15:21:10
10292,浏览,2025-01-13 15:21:57
10234,浏览,2025-01-13 15:43:37
10601,浏览,2025-01-13 15:44:14
10290,浏览,2025-01-13 15:47:15
10120,浏览,2025-01-13 15:50:08
10384,支付,2025-01-13 15:58:58
10383,浏览,2025-01-13 16:08:10
10028,浏览,2025-01-13 16:15:24
10770,浏览,2025-01-13 16:20:48
10231,浏览,2025-01-13 16:24:48
10639,浏览,2025-01-13 16:27:56
10035,浏览,2025-01-13 16:44:38
10141,支付,2025-01-13 16:48:33
10267,浏览,2025-01-13 16:59:15
10510,浏览,2025-01-13 17:15:13
10769,浏览,2025-01-13 17:33:26
10302,浏览,2025-01-13 17:36:36
10713,下单,2025-01-13 17:48:10
10567,浏览,2025-01-13 17:48:35
10613,浏览,2025-01-13 17:59:58
10167,浏览,2025-01-13 18:04:19
10429,浏览,2025-01-13 18:04:39
10334,加购,2025-01-13 18:11:41
10522,加购,2025-01-13 18:13:22
10094,浏览,2025-01-13 18:13:37
10486,下单,2025-01-13 18:13:43
10275,加购,2025-01-13 18:14:02
10164,浏览,2025-01-13 18:15:53
10722,下单,2025-01-13 18:21:19
10504,下单,2025-01-13 18:25:27
10464,浏览,2025-01-13 18:28:12
10394,下单,2025-01-13 18:33:18
10626,浏览,2025-01-13 18:34:44
10313,浏览,2025-01-13 18:38:37
10092,浏览,2025-01-13 18:43:24
10665,浏览,2025-01-13 18:46:44
10637,浏览,2025-01-13 18:50:00
10142,浏览,2025-01-13 18:50:04
10651,浏览,2025-01-13 18:50:14
10729,加购,2025-01-13 18:51:54
10391,浏览,2025-01-13 19:08:57
10255,浏览,2025-01-13 19:12:33
10336,加购,2025-01-13 19:18:55
10096,浏览,2025-01-13 19:19:42
10195,浏览,2025-01-13 19:20:38
10266,加购,2025-01-13 19:25:09
10080,浏览,2025-01-13 19:28:01
10572,浏览,2025-01-13 19:29:48
10788,浏览,2025-01-13 19:32:40
10698,浏览,2025-01-13 19:43:40
10142,浏览,2025-01-13 19:45:13
10117,浏览,2025-01-13 19:49:56
10347,浏览,2025-01-13 19:54:21
10305,浏览,2025-01-13 20:02:19
10619,浏览,2025-01-13 20:02:22
10675,浏览,2025-01-13 20:07:42
10577,浏览,2025-01-13 20:07:54
10038,支付,2025-01-13 20:11:59
10449,下单,2025-01-13 20:15:42
10135,浏览,2025-01-13 20:25:35
10683,浏览,2025-01-13 20:43:43
10436,浏览,2025-01-13 20:44:34
10475,浏览,2025-01-13 20:48:41
10215,浏览,2025-01-13 20:49:47
10177,浏览,2025-01-13 20:50:42
10685,浏览,2025-01-13 20:53:29
10482,浏览,2025-01-13 20:53:44
10782,下单,2025-01-13 20:57:18
10377,浏览,2025-01-13 20:57:24
10209,浏览,2025-01-13 21:05:52
10613,浏览,2025-01-13 21:06:05
10667,浏览,2025-01-13 21:15:37
10667,加购,2025-01-13 21:16:49
10339,支付,2025-01-13 21:23:58
10527,浏览,2025-01-13 21:24:04
10686,加购,2025-01-13 21:35:15
10212,加购,2025-01-13 21:37:44
10116,浏览,2025-01-13 21:37:45
10512,浏览,2025-01-13 21:38:13
10488,浏览,2025-01-13 21:45:02
10119,支付,2025-01-13 21:52:00
10361,浏览,2025-01-13 21:53:26
10563,浏览,2025-01-13 22:10:56
10080,浏览,2025-01-13 22:14:33
10740,加购,2025-01-13 22:16:55
10006,浏览,2025-01-13 22:17:42
10491,浏览,2025-01-13 22:18:47
10661,浏览,2025-01-13 22:21:50
10300,浏览,2025-01-13 22:26:58
10619,加购,2025-01-13 22:35:20
10691,加购,2025-01-13 22:40:45
10690,加购,2025-01-13 22:48:38
10693,加购,2025-01-13 22:51:35
10326,加购,2025-01-13 22:51:58
10164,浏览,2025-01-13 23:06:05
10623,浏览,2025-01-13 23:13:25
10713,浏览,2025-01-13 23:17:21
10206,加购,2025-01-13 23:41:23
10628,浏览,2025-01-13 23:47:53
10736,浏览,2025-01-14 00:22:15
10149,浏览,2025-01-14 02:59:51
10356,浏览,2025-01-14 05:18:46
10799,浏览,2025-01-14 05:47:34
10019,浏览,2025-01-14 06:35:00
10449,浏览,2025-01-14 07:10:01
10794,加购,2025-01-14 07:13:21
10768,浏览,2025-01-14 07:35:39
10113,浏览,2025-01-14 07:40:05
10781,浏览,2025-01-14 07:47:06
10093,浏览,2025-01-14 07:59:34
10233,浏览,2025-01-14 08:01:35
10623,浏览,2025-01-14 08:03:41
10555,浏览,2025-01-14 08:13:06
10217,浏览,2025-01-14 08:14:44
10556,浏览,2025-01-14 08:16:56
10399,加购,2025-01-14 08:32:49
10690,浏览,2025-01-14 08:34:53
10198,浏览,2025-01-14 08:43:27
10701,加购,2025-01-14 08:48:10
10027,下单,2025-01-14 08:51:49
10560,浏览,2025-01-14 08:53:41
10576,浏览,2025-01-14 08:53:43
10264,浏览,2025-01-14 08:55:43
10349,浏览,2025-01-14 09:00:46
10728,浏览,2025-01-14 09:08:50
10281,浏览,2025-01-14 09:23:35
10069,浏览,2025-01-14 09:30:52
10050,加购,2025-01-14 09:40:14
10724,浏览,2025-01-14 09:45:24
10204,浏览,2025-01-14 09:47:53
10545,加购,2025-01-14 10:04:11
10762,浏览,2025-01-14 10:06:11
10732,加购,2025-01-14 10:15:26
10111,浏览,2025-01-14 10:22:23
10293,加购,2025-01-14 10:43:04
10001,支付,2025-01-14 10:44:58
10254,浏览,2025-01-14 10:45:50
10458,浏览,2025-01-14 10:48:16
10047,浏览,2025-01-14 10:56:10
10052,浏览,2025-01-14 11:00:52
10641,浏览,2025-01-14 11:09:27
10344,下单,2025-01-14 11:12:00
10473,浏览,2025-01-14 11:15:35
10019,浏览,2025-01-14 11:20:44
10339,浏览,2025-01-14 11:20:44
10031,浏览,2025-01-14 11:21:56
10116,浏览,2025-01-14 11:32:42
10344,浏览,2025-01-14 11:38:27
10790,浏览,2025-01-14 11:40:07
10033,浏览,2025-01-14 11:41:23
10362,浏览,2025-01-14 11:50:03
10394,加购,2025-01-14 11:55:57
10682,浏览,2025-01-14 11:56:33
10581,浏览,2025-01-14 12:03:25
10677,浏览,2025-01-14 12:03:35
10730,浏览,2025-01-14 12:12:45
10462,浏览,2025-01-14 12:24:43
10588,支付,2025-01-14 12:27:11
10455,浏览,2025-01-14 12:54:27
10014,浏览,2025-01-14 13:11:16
10573,加购,2025-01-14 13:12:40
10270,浏览,2025-01-14 13:17:47
10649,浏览,2025-01-14 13:18:03
10735,浏览,2025-01-14 13:19:41
10604,支付,2025-01-14 13:22:55
10239,浏览,2025-01-14 13:30:06
10354,支付,2025-01-14 13:42:15
10165,支付,2025-01-14 13:44:36
10029,加购,2025-01-14 14:04:30
10767,加购,2025-01-14 14:18:07
10538,浏览,2025-01-14 14:19:24
10230,浏览,2025-01-14 14:22:41
10289,浏览,2025-01-14 14:25:56
10123,浏览,2025-01-14 14:31:51
10393,浏览,2025-01-14 14:45:38
10695,浏览,2025-01-14 14:57:06
10640,浏览,2025-01-14 14:57:25
10322,浏览,2025-01-14 15:09:36
10739,加购,2025-01-14 15:14:26
10785,加购,2025-01-14 15:16:13
10730,浏览,2025-01-14 15:25:05
10136,浏览,2025-01-14 15:35:32
10640,浏览,2025-01-14 15:48:01
10129,浏览,2025-01-14 15:54:40
10675,浏览,2025-01-14 15:55:46
10476,浏览,2025-01-14 15:57:02
10612,加购,2025-01-14 16:18:31
10558,浏览,2025-01-14 16:19:36
10507,加购,2025-01-14 16:19:40
10500,浏览,2025-01-14 16:24:21
10221,浏览,2025-01-14 16:30:14
10266,浏览,2025-01-14 16:30:42
10208,下单,2025-01-14 16:32:03
10169,浏览,2025-01-14 16:34:44
10088,浏览,2025-01-14 16:48:15
10205,浏览,2025-01-14 17:19:19
10094,浏览,2025-01-14 17:25:48
10447,浏览,2025-01-14 17:32:50
10541,浏览,2025-01-14 17:33:57
10093,浏览,2025-01-14 17:34:00
10552,浏览,2025-01-14 17:34:31
10005,浏览,2025-01-14 17:35:04
10620,浏览,2025-01-14 17:38:11
10072,加购,2025-01-14 17:41:18
10282,浏览,2025-01-14 17:44:13
10639,浏览,2025-01-14 17:45:54
10045,浏览,2025-01-14 17:47:04
10691,加购,2025-01-14 18:34:04
10699,浏览,2025-01-14 18:34:18
10582,浏览,2025-01-14 18:36:13
10158,加购,2025-01-14 18:38:39
10355,支付,2025-01-14 18:39:59
10474,浏览,2025-01-14 18:43:00
10292,浏览,2025-01-14 18:50:04
10690,浏览,2025-01-14 18:50:57
10116,浏览,2025-01-14 18:56:45
10253,浏览,2025-01-14 18:57:59
10092,浏览,2025-01-14 19:03:39
10628,浏览,2025-01-14 19:07:06
10124,浏览,2025-01-14 19:11:01
10385,浏览,2025-01-14 19:17:26
10534,加购,2025-01-14 19:18:48
10517,加购,2025-01-14 19:20:12
10065,加购,2025-01-14 19:34:08
10041,浏览,2025-01-14 19:36:33
10265,下单,2025-01-14 19:45:55
10608,下单,2025-01-14 19:50:49
10093,浏览,2025-01-14 19:54:14
10590,浏览,2025-01-14 19:59:22
10382,浏览,2025-01-14 20:00:20
10198,浏览,2025-01-14 20:00:59
10675,浏览,2025-01-14 20:04:28
10145,加购,2025-01-14 20:11:04
10508,加购,2025-01-14 20:15:42
10455,加购,2025-01-14 20:18:10
10383,浏览,2025-01-14 20:20:35
10662,浏览,2025-01-14 20:23:04
10746,支付,2025-01-14 20:26:08
10475,浏览,2025-01-14 20:34:41
10217,下单,2025-01-14 20:48:33
10225,浏览,2025-01-14 20:50:12
10207,加购,2025-01-14 20:51:50
10224,下单,2025-01-14 20:53:30
10338,浏览,2025-01-14 20:55:41
10429,浏览,2025-01-14 20:56:09
10306,浏览,2025-01-14 20:58:19
10262,浏览,2025-01-14 20:58:32
10659,下单,2025-01-14 21:02:22
10630,浏览,2025-01-14 21:06:46
10502,加购,2025-01-14 21:09:32
10219,加购,2025-01-14 21:13:34
10361,加购,2025-01-14 21:17:20
10420,浏览,2025-01-14 21:24:17
10057,浏览,2025-01-14 21:25:18
10031,浏览,2025-01-14 21:26:11
10453,下单,2025-01-14 21:28:32
10400,下单,2025-01-14 21:29:20
10075,加购,2025-01-14 21:29:28
10353,浏览,2025-01-14 21:37:45
10507,浏览,2025-01-14 21:38:13
10682,下单,2025-01-14 21:46:03
10232,浏览,2025-01-14 21:46:04
10727,浏览,2025-01-14 21:54:22
10164,浏览,2025-01-14 22:14:51
10069,浏览,2025-01-14 22:17:09
10327,下单,2025-01-14 22:19:28
10774,加购,2025-01-14 22:20:15
10649,浏览,2025-01-14 22:24:00
10393,浏览,2025-01-14 22:26:12
10616,支付,2025-01-14 22:32:30
10252,浏览,2025-01-14 22:35:28
10585,浏览,2025-01-14 22:37:01
10706,浏览,2025-01-14 22:42:24
10574,下单,2025-01-14 22:47:09
10504,浏览,2025-01-14 22:47:23
10756,加购,2025-01-14 22:55:08
10020,浏览,2025-01-14 22:58:52
10486,加购,2025-01-14 22:58:56
10599,浏览,2025-01-14 23:44:59
10417,浏览,2025-01-15 00:17:58
10747,下单,2025-01-15 02:13:15
10558,下单,2025-01-15 02:54:57
10228,浏览,2025-01-15 04:18:05
10262,浏览,2025-01-15 04:24:51
10042,浏览,2025-01-15 05:38:03
10123,浏览,2025-01-15 06:38:41
10051,浏览,2025-01-15 07:11:24
10378,浏览,2025-01-15 07:21:58
10060,浏览,2025-01-15 07:23:45
10125,浏览,2025-01-15 07:42:34
10525,浏览,2025-01-15 07:45:56
10531,浏览,2025-01-15 07:46:40
10655,加购,2025-01-15 07:53:57
10741,加购,2025-01-15 08:06:33
10449,下单,2025-01-15 08:14:04
10779,浏览,2025-01-15 08:16:20
10637,浏览,2025-01-15 08:17:41
10193,下单,2025-01-15 08:25:57
10165,浏览,2025-01-15 08:37:14
10563,浏览,2025-01-15 08:39:57
10134,浏览,2025-01-15 08:43:33
10412,浏览,2025-01-15 08:44:22
10223,浏览,2025-01-15 08:46:15
10780,浏览,2025-01-15 08:56:50
10648,加购,2025-01-15 09:02:32
10535,浏览,2025-01-15 09:09:47
10665,浏览,2025-01-15 09:15:15
10587,浏览,2025-01-15 09:17:27
10225,浏览,2025-01-15 09:18:09
10727,加购,2025-01-15 09:20:47
10433,加购,2025-01-15 09:22:04
10139,加购,2025-01-15 09:45:28
10131,浏览,2025-01-15 09:45:32
10282,下单,2025-01-15 09:52:08
10560,加购,2025-01-15 10:01:25
10197,浏览,2025-01-15 10:14:37
10024,浏览,2025-01-15 10:16:41
10349,加购,2025-01-15 10:23:16
10749,浏览,2025-01-15 10:27:55
10013,浏览,2025-01-15 10:29:05
10453,浏览,2025-01-15 10:52:32
10620,浏览,2025-01-15 10:54:10
10311,浏览,2025-01-15 10:55:17
10226,浏览,2025-01-15 10:58:43
10089,浏览,2025-01-15 11:29:36
10184,加购,2025-01-15 11:30:16
10118,浏览,2025-01-15 11:41:39
10111,下单,2025-01-15 11:45:38
10773,浏览,2025-01-15 11:55:10
10449,加购,2025-01-15 12:19:02
10095,浏览,2025-01-15 12:30:14
10714,浏览,2025-01-15 12:32:24
10471,浏览,2025-01-15 12:33:52
10390,浏览,2025-01-15 12:35:38
10318,浏览,2025-01-15 12:38:00
10010,浏览,2025-01-15 12:52:18
10195,浏览,2025-01-15 12:54:01
10090,浏览,2025-01-15 12:59:18
10414,浏览,2025-01-15 12:59:28
10437,浏览,2025-01-15 13:02:46
10519,加购,2025-01-15 13:13:44
10006,下单,2025-01-15 13:17:06
10079,浏览,2025-01-15 13:21:33
10365,浏览,2025-01-15 13:22:06
10351,浏览,2025-01-15 13:28:44
10199,浏览,2025-01-15 13:42:19
10580,浏览,2025-01-15 13:50:06
10420,浏览,2025-01-15 13:50:54
10205,加购,2025-01-15 13:52:50
10160,下单,2025-01-15 14:00:11
10282,浏览,2025-01-15 14:07:07
10756,浏览,2025-01-15 14:11:55
10329,浏览,2025-01-15 14:12:43
10409,浏览,2025-01-15 14:13:29
10390,浏览,2025-01-15 14:13:49
10289,加购,2025-01-15 14:52:42
10220,支付,2025-01-15 14:55:37
10603,浏览,2025-01-15 15:05:38
10674,加购,2025-01-15 15:12:33
10166,浏览,2025-01-15 15:13:27
10671,浏览,2025-01-15 15:13:32
10577,浏览,2025-01-15 15:15:58
10422,浏览,2025-01-15 15:16:58
10428,浏览,2025-01-15 15:24:29
10480,浏览,2025-01-15 15:26:29
10541,浏览,2025-01-15 15:27:38
10715,浏览,2025-01-15 15:35:01
10677,浏览,2025-01-15 15:39:53
10114,加购,2025-01-15 15:48:21
10267,浏览,2025-01-15 15:57:59
10583,加购,2025-01-15 16:02:47
10335,浏览,2025-01-15 16:04:05
10457,浏览,2025-01-15 16:14:53
10237,下单,2025-01-15 16:22:25
10271,加购,2025-01-15 16:28:00
10080,加购,2025-01-15 16:41:41
10598,下单,2025-01-15 16:45:11
10135,浏览,2025-01-15 16:54:59
10440,浏览,2025-01-15 17:09:04
10278,下单,2025-01-15 17:09:16
10353,浏览,2025-01-15 17:10:34
10770,浏览,2025-01-15 17:14:37
10795,浏览,2025-01-15 17:22:19
10547,浏览,2025-01-15 17:23:46
10612,浏览,2025-01-15 17:27:06
10041,浏览,2025-01-15 17:34:44
10436,浏览,2025-01-15 17:35:52
10249,浏览,2025-01-15 17:40:21
10367,浏览,2025-01-15 17:48:01
10483,浏览,2025-01-15 18:03:45
10196,加购,2025-01-15 18:03:59
10097,浏览,2025-01-15 18:04:22
10356,下单,2025-01-15 18:07:58
10119,浏览,2025-01-15 18:19:43
10114,浏览,2025-01-15 18:23:23
10383,下单,2025-01-15 18:44:14
10450,加购,2025-01-15 18:44:27
10104,浏览,2025-01-15 18:45:55
10638,浏览,2025-01-15 18:49:22
10110,加购,2025-01-15 18:54:51
10661,浏览,2025-01-15 19:01:24
10105,浏览,2025-01-15 19:21:05
10321,浏览,2025-01-15 19:26:20
10410,浏览,2025-01-15 19:28:39
10598,浏览,2025-01-15 19:29:16
10691,浏览,2025-01-15 19:31:38
10182,浏览,2025-01-15 19:40:56
10751,浏览,2025-01-15 19:44:22
10296,浏览,2025-01-15 19:44:25
10752,浏览,2025-01-15 19:49:22
10578,下单,2025-01-15 19:49:23
10151,加购,2025-01-15 19:56:34
10096,浏览,2025-01-15 19:57:52
10662,加购,2025-01-15 20:01:52
10122,加购,2025-01-15 20:10:06
10115,加购,2025-01-15 20:12:37
10370,下单,2025-01-15 20:13:11
10496,浏览,2025-01-15 20:14:36
10086,支付,2025-01-15 20:24:06
10704,浏览,2025-01-15 20:46:13
10401,浏览,2025-01-15 20:46:55
10615,浏览,2025-01-15 20:50:07
10506,浏览,2025-01-15 20:58:07
10683,下单,2025-01-15 20:58:31
10239,浏览,2025-01-15 20:59:00
10422,浏览,2025-01-15 21:05:57
10125,浏览,2025-01-15 21:07:02
10097,浏览,2025-01-15 21:07:35
10003,加购,2025-01-15 21:09:06
10646,浏览,2025-01-15 21:13:01
10795,浏览,2025-01-15 21:19:55
10364,支付,2025-01-15 21:29:17
10525,浏览,2025-01-15 21:30:17
10373,浏览,2025-01-15 21:32:12
10494,浏览,2025-01-15 21:34:57
10524,加购,2025-01-15 21:35:05
10757,下单,2025-01-15 21:36:41
10089,加购,2025-01-15 21:37:44
10675,浏览,2025-01-15 21:41:24
10369,支付,2025-01-15 22:00:46
10022,加购,2025-01-15 22:00:49
10482,浏览,2025-01-15 22:11:37
10311,浏览,2025-01-15 22:12:17
10028,下单,2025-01-15 22:13:28
10725,浏览,2025-01-15 22:35:26
10560,浏览,2025-01-15 22:37:19
10043,浏览,2025-01-15 22:39:18
10651,浏览,2025-01-15 23:16:48
10116,支付,2025-01-15 23:54:57
10456,支付,2025-01-16 04:28:37
10523,加购,2025-01-16 05:45:44
10498,浏览,2025-01-16 06:17:25
10021,浏览,2025-01-16 06:24:23
10071,支付,2025-01-16 06:26:11
10433,浏览,2025-01-16 07:24:05
10791,浏览,2025-01-16 07:50:22
10216,浏览,2025-01-16 08:07:09
10550,下单,2025-01-16 08:09:26
10328,加购,2025-01-16 08:19:59
10354,支付,2025-01-16 08:26:58
10045,下单,2025-01-16 08:28:45
10640,浏览,2025-01-16 08:32:04
10211,加购,2025-01-16 08:32:28
10085,浏览,2025-01-16 08:35:30
10664,浏览,2025-01-16 08:39:41
10548,浏览,2025-01-16 08:44:21
10465,加购,2025-01-16 08:45:13
10517,加购,2025-01-16 09:04:44
10418,浏览,2025-01-16 09:21:11
10740,支付,2025-01-16 09:21:24
10217,浏览,2025-01-16 09:35:24
10728,加购,2025-01-16 09:36:01
10283,浏览,2025-01-16 09:40:11
10307,浏览,2025-01-16 09:43:01
10475,浏览,2025-01-16 09:44:06
10564,浏览,2025-01-16 09:44:55
10368,下单,2025-01-16 09:52:24
10635,支付,2025-01-16 09:54:44
10631,浏览,2025-01-16 10:00:50
10678,浏览,2025-01-16 10:01:13
10383,浏览,2025-01-16 10:01:13
10033,浏览,2025-01-16 10:02:36
10511,浏览,2025-01-16 10:10:55
10710,浏览,2025-01-16 10:15:17
10265,加购,2025-01-16 10:28:48
10241,浏览,2025-01-16 10:29:47
10247,浏览,2025-01-16 10:35:01
10306,浏览,2025-01-16 10:38:34
10474,加购,2025-01-16 10:44:10
10351,支付,2025-01-16 10:47:30
10589,加购,2025-01-16 10:48:58
10412,浏览,2025-01-16 10:49:42
10195,加购,2025-01-16 11:00:40
10189,加购,2025-01-16 11:14:19
10484,浏览,2025-01-16 11:18:52
10453,浏览,2025-01-16 11:20:33
10257,浏览,2025-01-16 11:21:53
10079,浏览,2025-01-16 11:24:49
10413,加购,2025-01-16 11:25:33
10733,下单,2025-01-16 11:25:40
10104,加购,2025-01-16 11:31:14
10658,下单,2025-01-16 11:51:43
10102,浏览,2025-01-16 12:03:31
10426,下单,2025-01-16 12:13:35
10335,加购,2025-01-16 12:21:40
10525,浏览,2025-01-16 12:38:32
10172,浏览,2025-01-16 12:47:48
10681,浏览,2025-01-16 12:51:18
10329,浏览,2025-01-16 13:11:03
10439,加购,2025-01-16 13:21:06
10578,浏览,2025-01-16 13:29:25
10153,浏览,2025-01-16 13:35:48
10507,浏览,2025-01-16 14:09:54
10190,浏览,2025-01-16 14:19:07
10673,浏览,2025-01-16 14:19:23
10517,加购,2025-01-16 14:37:11
10546,浏览,2025-01-16 14:45:05
10013,浏览,2025-01-16 14:58:09
10006,浏览,2025-01-16 15:04:49
10594,浏览,2025-01-16 15:07:59
10092,浏览,2025-01-16 15:18:04
10205,浏览,2025-01-16 15:18:14
10155,浏览,2025-01-16 15:19:50
10502,浏览,2025-01-16 15:20:07
10509,浏览,2025-01-16 15:24:59
10352,浏览,2025-01-16 15:26:44
10009,浏览,2025-01-16 15:27:08
10576,浏览,2025-01-16 15:31:26
10279,浏览,2025-01-16 15:38:02
10506,浏览,2025-01-16 15:47:22
10499,浏览,2025-01-16 15:54:10
10193,浏览,2025-01-16 16:03:28
10194,浏览,2025-01-16 16:06:11
10531,支付,2025-01-16 16:07:14
10100,浏览,2025-01-16 16:12:41
10013,浏览,2025-01-16 16:21:11
10331,浏览,2025-01-16 16:22:12
10213,浏览,2025-01-16 16:22:39
10751,浏览,2025-01-16 16:22:49
10014,浏览,2025-01-16 16:25:55
10702,浏览,2025-01-16 16:54:10
10666,浏览,2025-01-16 16:58:40
10362,加购,2025-01-16 17:12:00
10774,浏览,2025-01-16 17:20:41
10326,浏览,2025-01-16 17:22:24
10393,浏览,2025-01-16 17:31:34
10043,浏览,2025-01-16 17:41:22
10651,浏览,2025-01-16 17:43:42
10788,支付,2025-01-16 17:51:37
10348,下单,2025-01-16 17:51:44
10006,浏览,2025-01-16 17:58:52
10011,浏览,2025-01-16 18:01:03
10496,浏览,2025-01-16 18:11:36
10182,支付,2025-01-16 18:22:22
10447,浏览,2025-01-16 18:31:27
10371,浏览,2025-01-16 18:48:03
10026,浏览,2025-01-16 18:49:04
10534,浏览,2025-01-16 19:12:23
10448,浏览,2025-01-16 19:16:43
10542,浏览,2025-01-16 19:20:25
10417,浏览,2025-01-16 19:21:32
10727,浏览,2025-01-16 19:23:10
10357,浏览,2025-01-16 19:23:44
10348,支付,2025-01-16 19:23:59
10327,浏览,2025-01-16 19:26:38
10339,加购,2025-01-16 19:30:13
10737,浏览,2025-01-16 19:52:20
10716,浏览,2025-01-16 19:53:29
10505,浏览,2025-01-16 19:53:36
10759,加购,2025-01-16 19:55:32
10709,加购,2025-01-16 20:14:33
10305,下单,2025-01-16 20:15:06
10726,浏览,2025-01-16 20:23:21
10251,浏览,2025-01-16 20:23:48
10300,浏览,2025-01-16 20:25:38
10046,浏览,2025-01-16 20:32:02
10273,下单,2025-01-16 20:38:27
10689,浏览,2025-01-16 20:41:08
10466,浏览,2025-01-16 20:41:48
10436,浏览,2025-01-16 20:44:52
10470,下单,2025-01-16 20:48:16
10747,浏览,2025-01-16 20:56:39
10408,浏览,2025-01-16 21:00:03
10052,浏览,2025-01-16 21:03:06
10592,浏览,2025-01-16 21:05:17
10470,下单,2025-01-16 21:07:50
10231,浏览,2025-01-16 21:08:18
10706,浏览,2025-01-16 21:08:43
10651,加购,2025-01-16 21:15:04
10256,浏览,2025-01-16 21:20:32
10486,浏览,2025-01-16 21:30:07
10633,浏览,2025-01-16 21:34:18
10421,下单,2025-01-16 21:41:17
10383,浏览,2025-01-16 21:50:09
10346,加购,2025-01-16 21:53:38
10161,浏览,2025-01-16 21:55:10
10351,浏览,2025-01-16 21:58:35
10539,加购,2025-01-16 22:02:32
10181,浏览,2025-01-16 22:11:41
10083,下单,2025-01-16 22:17:46
10664,加购,2025-01-16 22:18:32
10094,加购,2025-01-16 22:27:05
10099,浏览,2025-01-16 22:30:20
10447,浏览,2025-01-16 22:30:22
10041,浏览,2025-01-16 22:38:43
10665,加购,2025-01-16 22:41:24
10398,浏览,2025-01-16 22:57:58
10246,浏览,2025-01-16 22:58:12
10309,加购,2025-01-16 23:06:45
10352,浏览,2025-01-16 23:12:34
10592,浏览,2025-01-16 23:20:49
10032,浏览,2025-01-16 23:27:38
10286,加购,2025-01-16 23:32:10
10352,支付,2025-01-16 23:38:34
10003,浏览,2025-01-16 23:48:26
10625,浏览,2025-01-16 23:49:18
10125,浏览,2025-01-16 23:52:15
10063,浏览,2025-01-17 01:11:12
10361,浏览,2025-01-17 06:10:41
10239,浏览,2025-01-17 07:03:23
10485,加购,2025-01-17 07:29:22
10102,下单,2025-01-17 07:35:34
10420,浏览,2025-01-17 07:55:05
10672,浏览,2025-01-17 08:08:14
10285,浏览,2025-01-17 08:10:32
10619,加购,2025-01-17 08:13:06
10397,加购,2025-01-17 08:19:59
10082,浏览,2025-01-17 08:23:41
10021,加购,2025-01-17 08:25:50
10606,浏览,2025-01-17 08:41:20
10484,下单,2025-01-17 08:43:24
10105,浏览,2025-01-17 08:45:25
10256,浏览,2025-01-17 08:51:16
10418,下单,2025-01-17 08:51:49
10447,浏览,2025-01-17 08:55:19
10700,浏览,2025-01-17 09:06:31
10378,支付,2025-01-17 09:08:07
10110,下单,2025-01-17 09:12:39
10700,浏览,2025-01-17 09:21:55
10752,浏览,2025-01-17 09:23:45
10437,加购,2025-01-17 09:29:18
10469,浏览,2025-01-17 09:31:00
10585,浏览,2025-01-17 09:33:47
10711,浏览,2025-01-17 09:36:51
10127,浏览,2025-01-17 09:48:23
10361,浏览,2025-01-17 10:06:42
10495,加购,2025-01-17 10:09:21
10307,下单,2025-01-17 10:19:11
10277,浏览,2025-01-17 10:33:23
10670,加购,2025-01-17 10:39:52
10655,下单,2025-01-17 10:40:11
10330,加购,2025-01-17 10:43:00
10141,加购,2025-01-17 10:47:35
10649,浏览,2025-01-17 10:49:22
10587,浏览,2025-01-17 11:26:30
10177,浏览,2025-01-17 11:30:08
10617,浏览,2025-01-17 11:44:48
10148,浏览,2025-01-17 11:49:31
10076,浏览,2025-01-17 11:59:22
10113,浏览,2025-01-17 12:02:44
10609,浏览,2025-01-17 12:18:10
10160,浏览,2025-01-17 12:23:24
10062,加购,2025-01-17 12:26:07
10468,浏览,2025-01-17 12:34:50
10125,浏览,2025-01-17 12:46:23
10200,浏览,2025-01-17 12:50:24
10406,浏览,2025-01-17 12:57:04
10407,浏览,2025-01-17 13:28:17
10505,浏览,2025-01-17 14:07:17
10464,支付,2025-01-17 14:26:45
10422,支付,2025-01-17 14:31:19
10619,加购,2025-01-17 14:37:04
10093,浏览,2025-01-17 14:37:35
10383,浏览,2025-01-17 14:38:08
10324,下单,2025-01-17 14:52:34
10749,浏览,2025-01-17 14:52:34
10486,浏览,2025-01-17 15:03:59
10047,浏览,2025-01-17 15:06:29
10073,浏览,2025-01-17 15:10:46
10419,浏览,2025-01-17 15:21:30
10057,浏览,2025-01-17 15:36:03
10358,加购,2025-01-17 15:40:43
10238,下单,2025-01-17 15:57:23
10327,下单,2025-01-17 16:10:11
10089,浏览,2025-01-17 16:13:37
10714,加购,2025-01-17 16:24:48
10467,加购,2025-01-17 16:30:06
10550,加购,2025-01-17 16:33:53
10744,浏览,2025-01-17 16:41:33
10782,浏览,2025-01-17 16:56:19
10550,浏览,2025-01-17 17:16:55
10622,浏览,2025-01-17 17:20:17
10781,浏览,2025-01-17 17:25:14
10020,浏览,2025-01-17 17:37:21
10085,浏览,2025-01-17 17:41:05
10070,浏览,2025-01-17 17:49:00
10584,浏览,2025-01-17 17:54:17
10474,浏览,2025-01-17 17:56:17
10525,浏览,2025-01-17 18:06:22
10133,浏览,2025-01-17 18:10:04
10745,加购,2025-01-17 18:10:24
10106,加购,2025-01-17 18:12:54
10292,加购,2025-01-17 18:24:37
10538,加购,2025-01-17 18:31:46
10159,下单,2025-01-17 18:33:05
10694,浏览,2025-01-17 18:39:41
10500,浏览,2025-01-17 18:39:59
10712,浏览,2025-01-17 18:43:23
10287,加购,2025-01-17 18:52:33
10465,浏览,2025-01-17 19:04:45
10579,浏览,2025-01-17 19:09:03
10304,浏览,2025-01-17 19:13:27
10120,浏览,2025-01-17 19:22:37
10403,加购,2025-01-17 19:25:12
10421,浏览,2025-01-17 19:28:42
10395,浏览,2025-01-17 19:36:40
10136,加购,2025-01-17 19:48:28
10401,浏览,2025-01-17 19:49:31
10193,浏览,2025-01-17 19:50:37
10182,支付,2025-01-17 19:51:38
10260,浏览,2025-01-17 19:56:31
10171,浏览,2025-01-17 19:56:43
10212,浏览,2025-01-17 20:01:38
10383,加购,2025-01-17 20:04:19
10056,加购,2025-01-17 20:04:49
10691,浏览,2025-01-17 20:28:53
10737,浏览,2025-01-17 20:32:58
10150,浏览,2025-01-17 20:34:12
10722,加购,2025-01-17 20:36:46
10443,浏览,2025-01-17 20:38:35
10515,浏览,2025-01-17 20:43:39
10223,加购,2025-01-17 20:44:05
10733,加购,2025-01-17 20:45:22
10087,浏览,2025-01-17 20:48:46
10420,浏览,2025-01-17 20:53:42
10413,浏览,2025-01-17 20:55:16
10526,浏览,2025-01-17 21:01:31
10462,浏览,2025-01-17 21:02:28
10793,浏览,2025-01-17 21:04:23
10333,加购,2025-01-17 21:17:39
10255,浏览,2025-01-17 21:18:42
10464,浏览,2025-01-17 21:30:45
10683,加购,2025-01-17 21:31:58
10112,浏览,2025-01-17 21:32:43
10307,浏览,2025-01-17 21:34:31
10277,浏览,2025-01-17 21:35:45
10418,浏览,2025-01-17 21:36:50
10040,浏览,2025-01-17 21:37:20
10350,浏览,2025-01-17 21:37:32
10004,浏览,2025-01-17 21:39:30
10610,浏览,2025-01-17 21:40:56
10087,下单,2025-01-17 21:43:52
10075,加购,2025-01-17 21:45:29
10707,加购,2025-01-17 21:45:35
10443,浏览,2025-01-17 22:20:56
10747,浏览,2025-01-17 22:21:28
10203,浏览,2025-01-17 22:28:36
10751,浏览,2025-01-17 22:36:49
10378,下单,2025-01-17 22:38:17
10478,浏览,2025-01-17 22:39:35
10453,浏览,2025-01-17 22:45:22
10161,浏览,2025-01-17 23:41:38
10146,加购,2025-01-17 23:48:49
10568,浏览,2025-01-17 23:49:12
10194,浏览,2025-01-18 00:31:13
10023,浏览,2025-01-18 02:45:59
10690,浏览,2025-01-18 04:25:07
10131,支付,2025-01-18 05:25:37
10338,浏览,2025-01-18 05:46:01
10778,浏览,2025-01-18 06:04:15
10115,支付,2025-01-18 06:06:36
10330,下单,2025-01-18 07:18:38
10563,浏览,2025-01-18 07:42:04
10702,浏览,2025-01-18 07:47:16
10779,浏览,2025-01-18 08:15:29
10719,浏览,2025-01-18 08:26:04
10611,浏览,2025-01-18 08:28:11
10078,浏览,2025-01-18 08:30:32
10267,下单,2025-01-18 08:49:38
10600,浏览,2025-01-18 09:11:55
10610,浏览,2025-01-18 09:29:47
10617,浏览,2025-01-18 09:35:20
10306,浏览,2025-01-18 09:42:00
10449,下单,2025-01-18 09:51:01
10729,浏览,2025-01-18 09:55:05
10479,加购,2025-01-18 09:56:05
10311,浏览,2025-01-18 09:57:10
10124,浏览,2025-01-18 10:01:17
10168,浏览,2025-01-18 10:07:18
10602,加购,2025-01-18 10:13:55
10347,浏览,2025-01-18 10:14:00
10636,浏览,2025-01-18 10:22:06
10642,浏览,2025-01-18 10:28:14
10459,浏览,2025-01-18 10:45:16
10032,浏览,2025-01-18 10:47:25
10599,浏览,2025-01-18 10:49:04
10205,浏览,2025-01-18 10:49:35
10238,加购,2025-01-18 11:07:54
10149,支付,2025-01-18 11:11:07
10135,浏览,2025-01-18 12:04:51
10602,浏览,2025-01-18 12:09:20
10727,浏览,2025-01-18 12:19:54
10742,浏览,2025-01-18 12:20:41
10198,浏览,2025-01-18 12:28:42
10592,加购,2025-01-18 12:35:42
10520,加购,2025-01-18 12:51:52
10281,下单,2025-01-18 12:58:04
10696,支付,2025-01-18 13:01:07
10004,浏览,2025-01-18 13:21:29
10455,浏览,2025-01-18 13:24:09
10635,下单,2025-01-18 13:39:14
10697,浏览,2025-01-18 13:39:54
10501,浏览,2025-01-18 13:47:16
10488,加购,2025-01-18 13:50:21
10503,加购,2025-01-18 13:50:45
10430,浏览,2025-01-18 13:53:31
10190,浏览,2025-01-18 14:03:51
10202,浏览,2025-01-18 14:16:30
10164,浏览,2025-01-18 14:22:14
10561,浏览,2025-01-18 14:28:30
10063,浏览,2025-01-18 14:30:01
10302,浏览,2025-01-18 14:47:02
10651,浏览,2025-01-18 14:59:35
10184,浏览,2025-01-18 15:06:49
10106,浏览,2025-01-18 15:08:14
10034,浏览,2025-01-18 15:20:53
10386,下单,2025-01-18 15:42:34
10554,下单,2025-01-18 15:44:34
10269,浏览,2025-01-18 15:44:48
10416,加购,2025-01-18 15:47:27
10082,浏览,2025-01-18 15:58:59
10274,浏览,2025-01-18 16:03:22
10511,浏览,2025-01-18 16:05:17
10054,加购,2025-01-18 16:09:20
10002,浏览,2025-01-18 16:19:19
10759,浏览,2025-01-18 16:27:57
10122,浏览,2025-01-18 16:43:45
10602,加购,2025-01-18 16:47:24
10364,加购,2025-01-18 16:59:55
10646,浏览,2025-01-18 17:00:32
10075,浏览,2025-01-18 17:03:56
10072,浏览,2025-01-18 17:08:50
10022,浏览,2025-01-18 17:09:25
10041,下单,2025-01-18 17:12:00
10544,浏览,2025-01-18 17:24:19
10596,浏览,2025-01-18 17:27:47
10070,下单,2025-01-18 17:32:35
10313,浏览,2025-01-18 17:39:38
10162,浏览,2025-01-18 17:46:07
10466,支付,2025-01-18 17:56:08
10720,浏览,2025-01-18 18:06:58
10270,浏览,2025-01-18 18:12:44
10507,浏览,2025-01-18 18:17:32
10439,浏览,2025-01-18 18:34:27
10591,支付,2025-01-18 18:41:34
10684,浏览,2025-01-18 18:48:57
10350,浏览,2025-01-18 18:58:19
10800,浏览,2025-01-18 19:03:39
10005,浏览,2025-01-18 19:10:47
10062,浏览,2025-01-18 19:10:52
10729,加购,2025-01-18 19:12:13
10669,浏览,2025-01-18 19:12:55
10678,浏览,2025-01-18 19:19:21
10145,浏览,2025-01-18 19:19:57
10310,浏览,2025-01-18 19:24:37
10430,浏览,2025-01-18 19:34:44
10166,加购,2025-01-18 19:35:00
10228,下单,2025-01-18 19:40:11
10791,加购,2025-01-18 19:41:35
10379,浏览,2025-01-18 19:42:20
10583,浏览,2025-01-18 19:48:30
10037,浏览,2025-01-18 19:49:19
10002,下单,2025-01-18 19:59:26
10117,浏览,2025-01-18 20:01:58
10110,浏览,2025-01-18 20:02:02
10114,浏览,2025-01-18 20:04:30
10439,下单,2025-01-18 20:06:28
10071,支付,2025-01-18 20:08:42
10182,浏览,2025-01-18 20:10:04
10415,加购,2025-01-18 20:15:06
10201,加购,2025-01-18 20:15:09
10770,支付,2025-01-18 20:15:24
10252,浏览,2025-01-18 20:16:35
10731,浏览,2025-01-18 20:22:58
10631,加购,2025-01-18 20:29:27
10620,加购,2025-01-18 20:32:00
10096,浏览,2025-01-18 20:36:02
10038,浏览,2025-01-18 20:36:32
10399,加购,2025-01-18 20:38:12
10257,加购,2025-01-18 20:48:15
10118,浏览,2025-01-18 20:49:41
10445,浏览,2025-01-18 20:50:09
10237,加购,2025-01-18 20:52:31
10060,浏览,2025-01-18 20:53:23
10036,浏览,2025-01-18 20:54:28
10184,支付,2025-01-18 20:55:43
10552,加购,2025-01-18 20:57:14
10207,下单,2025-01-18 21:12:08
10163,浏览,2025-01-18 21:15:05
10558,浏览,2025-01-18 21:22:33
10251,浏览,2025-01-18 21:23:00
10352,下单,2025-01-18 21:25:52
10545,浏览,2025-01-18 21:28:39
10634,浏览,2025-01-18 21:41:00
10545,浏览,2025-01-18 21:44:04
10143,加购,2025-01-18 21:44:32
10689,浏览,2025-01-18 21:45:31
10538,浏览,2025-01-18 21:48:21
10104,浏览,2025-01-18 21:56:33
10266,浏览,2025-01-18 22:05:31
10051,加购,2025-01-18 22:10:09
10554,浏览,2025-01-18 22:17:26
10670,浏览,2025-01-18 22:27:51
10142,浏览,2025-01-18 22:33:15
10612,浏览,2025-01-18 22:43:30
10117,下单,2025-01-18 22:48:52
10323,浏览,2025-01-18 22:49:07
10544,加购,2025-01-18 22:53:37
10081,浏览,2025-01-18 23:05:13
10606,浏览,2025-01-18 23:29:02
10378,加购,2025-01-18 23:59:44
10647,浏览,2025-01-19 00:15:42
10071,浏览,2025-01-19 01:57:30
10613,浏览,2025-01-19 02:27:55
10371,浏览,2025-01-19 06:09:43
10656,浏览,2025-01-19 06:38:49
10221,浏览,2025-01-19 06:46:09
10689,加购,2025-01-19 06:48:11
10536,浏览,2025-01-19 07:04:58
10304,浏览,2025-01-19 07:10:55
10789,浏览,2025-01-19 07:16:13
10788,浏览,2025-01-19 07:20:41
10302,浏览,2025-01-19 07:48:30
10088,支付,2025-01-19 07:50:30
10626,浏览,2025-01-19 07:52:06
10005,浏览,2025-01-19 08:06:49
10780,加购,2025-01-19 08:08:16
10090,浏览,2025-01-19 08:24:14
10627,浏览,2025-01-19 08:31:09
10797,浏览,2025-01-19 08:32:14
10069,加购,2025-01-19 08:35:49
10189,加购,2025-01-19 08:42:15
10563,浏览,2025-01-19 08:49:34
10386,加购,2025-01-19 08:50:33
10465,浏览,2025-01-19 09:01:07
10452,浏览,2025-01-19 09:02:02
10219,加购,2025-01-19 09:04:07
10579,浏览,2025-01-19 09:04:08
10179,浏览,2025-01-19 09:36:25
10741,浏览,2025-01-19 09:40:57
10763,浏览,2025-01-19 09:44:22
10164,加购,2025-01-19 09:52:50
10649,加购,2025-01-19 09:57:28
10550,浏览,2025-01-19 10:04:02
10155,浏览,2025-01-19 10:05:28
10799,浏览,2025-01-19 10:08:27
10126,浏览,2025-01-19 10:10:05
10425,浏览,2025-01-19 10:11:54
10722,浏览,2025-01-19 10:17:23
10332,下单,2025-01-19 10:19:12
10507,浏览,2025-01-19 10:19:44
10788,浏览,2025-01-19 10:47:46
10784,浏览,2025-01-19 10:55:14
10140,浏览,2025-01-19 11:03:18
10235,浏览,2025-01-19 11:16:00
10120,加购,2025-01-19 11:19:39
10551,加购,2025-01-19 11:28:24
10295,浏览,2025-01-19 11:33:59
10514,加购,2025-01-19 11:36:48
10763,浏览,2025-01-19 11:37:05
10767,浏览,2025-01-19 11:49:35
10541,浏览,2025-01-19 12:04:17
10156,浏览,2025-01-19 12:14:10
10046,浏览,2025-01-19 12:28:57
10587,加购,2025-01-19 12:29:04
10017,浏览,2025-01-19 12:32:44
10224,浏览,2025-01-19 12:48:42
10340,浏览,2025-01-19 12:54:07
10761,浏览,2025-01-19 13:05:15
10130,浏览,2025-01-19 13:06:55
10715,浏览,2025-01-19 13:39:53
10464,浏览,2025-01-19 13:42:59
10437,加购,2025-01-19 14:01:10
10421,下单,2025-01-19 14:02:36
10166,浏览,2025-01-19 14:05:04
10630,加购,2025-01-19 14:10:35
10262,加购,2025-01-19 14:11:11
10644,加购,2025-01-19 14:13:29
10176,浏览,2025-01-19 14:36:01
10101,浏览,2025-01-19 14:36:31
10101,浏览,2025-01-19 14:49:43
10044,浏览,2025-01-19 15:19:24
10202,浏览,2025-01-19 15:22:34
10202,下单,2025-01-19 15:30:05
10361,加购,2025-01-19 15:31:15
10019,浏览,2025-01-19 15:32:40
10552,浏览,2025-01-19 15:37:25
10053,加购,2025-01-19 15:40:24
10062,浏览,2025-01-19 15:41:48
10474,浏览,2025-01-19 15:43:20
10217,下单,2025-01-19 15:51:02
10565,下单,2025-01-19 15:52:52
10751,加购,2025-01-19 16:04:20
10159,浏览,2025-01-19 16:11:51
10308,加购,2025-01-19 16:16:18
10547,浏览,2025-01-19 16:20:33
10024,浏览,2025-01-19 16:44:47
10246,浏览,2025-01-19 16:54:17
10226,浏览,2025-01-19 16:56:27
10390,浏览,2025-01-19 17:16:18
10152,浏览,2025-01-19 17:18:31
10282,浏览,2025-01-19 17:20:24
10317,浏览,2025-01-19 17:21:53
10799,浏览,2025-01-19 17:22:21
10016,浏览,2025-01-19 17:25:30
10037,加购,2025-01-19 17:27:08
10212,浏览,2025-01-19 17:34:06
10505,加购,2025-01-19 17:40:27
10129,浏览,2025-01-19 17:50:59
10002,浏览,2025-01-19 17:54:24
10691,加购,2025-01-19 18:01:48
10411,浏览,2025-01-19 18:03:09
10520,浏览,2025-01-19 18:04:51
10606,浏览,2025-01-19 18:07:39
10220,加购,2025-01-19 18:08:49
10080,加购,2025-01-19 18:20:42
10241,加购,2025-01-19 18:26:12
10065,加购,2025-01-19 18:31:01
10077,下单,2025-01-19 18:31:06
10127,浏览,2025-01-19 18:34:35
10721,加购,2025-01-19 18:36:12
10401,下单,2025-01-19 18:39:12
10235,浏览,2025-01-19 18:42:47
10625,浏览,2025-01-19 18:43:05
10230,浏览,2025-01-19 18:46:26
10784,加购,2025-01-19 18:48:50
10350,浏览,2025-01-19 18:50:01
10711,浏览,2025-01-19 18:51:20
10590,加购,2025-01-19 18:51:47
10333,浏览,2025-01-19 18:54:48
10633,浏览,2025-01-19 18:55:29
10242,加购,2025-01-19 18:57:40
10760,浏览,2025-01-19 19:00:14
10309,浏览,2025-01-19 19:07:49
10113,下单,2025-01-19 19:08:36
10315,下单,2025-01-19 19:09:29
10184,浏览,2025-01-19 19:09:47
10605,浏览,2025-01-19 19:11:39
10288,下单,2025-01-19 19:11:59
10346,加购,2025-01-19 19:12:11
10047,加购,2025-01-19 19:18:53
10791,浏览,2025-01-19 19:19:15
10130,加购,2025-01-19 19:24:21
10621,浏览,2025-01-19 19:34:11
10398,加购,2025-01-19 19:36:52
10049,支付,2025-01-19 19:38:04
10403,浏览,2025-01-19 19:40:26
10363,加购,2025-01-19 19:41:01
10500,加购,2025-01-19 19:42:35
10491,加购,2025-01-19 19:43:14
10586,浏览,2025-01-19 19:52:06
10416,浏览,2025-01-19 19:56:46
10154,浏览,2025-01-19 19:58:22
10185,加购,2025-01-19 20:00:06
10721,浏览,2025-01-19 20:01:29
10269,加购,2025-01-19 20:07:46
10204,下单,2025-01-19 20:08:42
10156,浏览,2025-01-19 20:12:53
10176,浏览,2025-01-19 20:19:10
10555,浏览,2025-01-19 20:19:54
10712,浏览,2025-01-19 20:20:24
10042,加购,2025-01-19 20:21:24
10092,浏览,2025-01-19 20:22:52
10510,浏览,2025-01-19 20:27:23
10128,浏览,2025-01-19 20:29:21
10089,加购,2025-01-19 20:35:45
10092,浏览,2025-01-19 20:36:34
10627,浏览,2025-01-19 20:40:33
10363,加购,2025-01-19 20:47:25
10378,浏览,2025-01-19 20:47:39
10722,浏览,2025-01-19 20:48:42
10036,浏览,2025-01-19 20:49:28
10173,加购,2025-01-19 20:49:31
10548,浏览,2025-01-19 20:49:33
10103,下单,2025-01-19 20:50:18
10321,浏览,2025-01-19 20:51:47
10070,加购,2025-01-19 20:54:45
10144,浏览,2025-01-19 20:59:07
10443,加购,2025-01-19 20:59:21
10758,下单,2025-01-19 21:07:37
10627,加购,2025-01-19 21:08:20
10707,浏览,2025-01-19 21:14:26
10441,浏览,2025-01-19 21:20:06
10578,浏览,2025-01-19 21:20:44
10249,浏览,2025-01-19 21:25:03
10206,浏览,2025-01-19 21:29:09
10230,浏览,2025-01-19 21:29:39
10698,浏览,2025-01-19 21:30:07
10564,浏览,2025-01-19 21:36:47
10321,浏览,2025-01-19 21:47:09
10664,浏览,2025-01-19 21:53:16
10418,支付,2025-01-19 22:00:41
10394,浏览,2025-01-19 22:05:33
10515,浏览,2025-01-19 22:09:10
10224,浏览,2025-01-19 22:17:57
10451,浏览,2025-01-19 22:23:02
10259,下单,2025-01-19 22:42:09
10412,加购,2025-01-19 22:43:57
10249,浏览,2025-01-19 22:49:49
10129,下单,2025-01-19 22:52:49
10627,下单,2025-01-19 22:54:14
10535,浏览,2025-01-19 22:59:33
10551,浏览,2025-01-19 22:59:42
10586,加购,2025-01-19 23:07:16
10756,下单,2025-01-19 23:32:23
10246,浏览,2025-01-20 01:33:33
10110,浏览,2025-01-20 02:58:19
10383,浏览,2025-01-20 04:05:59
10036,支付,2025-01-20 04:08:56
10393,浏览,2025-01-20 04:10:05
10646,加购,2025-01-20 05:09:22
10140,浏览,2025-01-20 05:17:40
10792,浏览,2025-01-20 06:04:35
10265,浏览,2025-01-20 06:08:09
10306,浏览,2025-01-20 06:10:37
10239,下单,2025-01-20 06:41:22
10389,加购,2025-01-20 06:43:56
10661,支付,2025-01-20 06:47:42
10747,加购,2025-01-20 06:59:21
10657,浏览,2025-01-20 07:01:23
10267,浏览,2025-01-20 07:31:00
10482,加购,2025-01-20 07:32:24
10264,浏览,2025-01-20 07:35:03
10572,下单,2025-01-20 07:41:59
10108,浏览,2025-01-20 08:07:50
10439,加购,2025-01-20 08:08:23
10749,浏览,2025-01-20 08:14:06
10430,加购,2025-01-20 08:30:57
10345,浏览,2025-01-20 08:46:02
10305,浏览,2025-01-20 08:46:02
10033,浏览,2025-01-20 09:03:16
10656,浏览,2025-01-20 09:05:19
10015,加购,2025-01-20 09:37:47
10324,浏览,2025-01-20 09:40:32
10086,浏览,2025-01-20 09:41:23
10708,浏览,2025-01-20 09:49:05
10226,下单,2025-01-20 09:50:40
10441,加购,2025-01-20 10:00:35
10066,浏览,2025-01-20 10:03:52
10109,浏览,2025-01-20 10:16:53
10682,浏览,2025-01-20 10:19:18
10295,下单,2025-01-20 10:19:49
10606,浏览,2025-01-20 10:20:32
10232,加购,2025-01-20 10:25:40
10603,浏览,2025-01-20 10:46:12
10443,加购,2025-01-20 11:05:14
10468,浏览,2025-01-20 11:17:05
10599,浏览,2025-01-20 11:18:21
10423,浏览,2025-01-20 11:30:49
10367,下单,2025-01-20 11:46:05
10047,浏览,2025-01-20 11:54:09
10285,浏览,2025-01-20 11:54:16
10650,浏览,2025-01-20 12:09:22
10332,加购,2025-01-20 12:15:33
10580,支付,2025-01-20 12:21:10
10712,浏览,2025-01-20 12:24:16
10413,浏览,2025-01-20 12:24:23
10573,浏览,2025-01-20 12:31:49
10268,下单,2025-01-20 12:36:27
10087,加购,2025-01-20 12:37:02
10244,支付,2025-01-20 12:47:50
10544,下单,2025-01-20 13:01:07
10559,加购,2025-01-20 13:20:45
10451,浏览,2025-01-20 13:28:18
10043,浏览,2025-01-20 13:28:29
10579,浏览,2025-01-20 13:40:20
10131,加购,2025-01-20 13:57:55
10729,浏览,2025-01-20 14:00:06
10700,下单,2025-01-20 14:11:57
10747,浏览,2025-01-20 14:29:35
10441,下单,2025-01-20 14:34:36
10794,浏览,2025-01-20 14:43:11
10466,加购,2025-01-20 14:44:35
10070,浏览,2025-01-20 14:47:09
10722,浏览,2025-01-20 14:48:28
10543,支付,2025-01-20 14:48:34
10674,浏览,2025-01-20 15:22:57
10149,浏览,2025-01-20 15:24:23
10192,浏览,2025-01-20 15:24:49
10797,浏览,2025-01-20 15:29:11
10759,加购,2025-01-20 15:31:26
10285,浏览,2025-01-20 15:35:16
10487,浏览,2025-01-20 15:37:19
10421,加购,2025-01-20 16:05:13
10655,浏览,2025-01-20 16:11:48
10104,浏览,2025-01-20 16:12:34
10662,下单,2025-01-20 16:57:00
10600,浏览,2025-01-20 17:12:54
10278,加购,2025-01-20 17:20:59
10092,加购,2025-01-20 17:24:45
10774,浏览,2025-01-20 17:32:02
10525,浏览,2025-01-20 17:36:56
10459,浏览,2025-01-20 17:36:57
10221,下单,2025-01-20 17:37:22
10346,加购,2025-01-20 17:40:04
10425,浏览,2025-01-20 17:42:48
10088,浏览,2025-01-20 17:48:03
10092,浏览,2025-01-20 17:51:53
10195,下单,2025-01-20 18:00:18
10130,浏览,2025-01-20 18:06:25
10679,浏览,2025-01-20 18:08:26
10627,浏览,2025-01-20 18:14:38
10384,浏览,2025-01-20 18:19:43
10532,浏览,2025-01-20 18:21:00
10767,下单,2025-01-20 18:25:35
10739,浏览,2025-01-20 18:29:06
10214,浏览,2025-01-20 18:30:40
10572,加购,2025-01-20 18:39:14
10153,浏览,2025-01-20 18:41:18
10107,浏览,2025-01-20 18:44:22
10146,加购,2025-01-20 18:48:52
10013,加购,2025-01-20 18:50:26
10346,浏览,2025-01-20 18:54:58
10371,浏览,2025-01-20 19:04:36
10673,浏览,2025-01-20 19:06:30
10287,加购,2025-01-20 19:07:08
10276,加购,2025-01-20 19:12:28
10588,下单,2025-01-20 19:12:48
10339,加购,2025-01-20 19:14:42
10366,浏览,2025-01-20 19:15:36
10299,加购,2025-01-20 19:17:56
10625,加购,2025-01-20 19:31:58
10145,浏览,2025-01-20 19:46:10
10196,浏览,2025-01-20 19:49:19
10709,支付,2025-01-20 19:54:37
10560,浏览,2025-01-20 19:54:42
10255,浏览,2025-01-20 19:55:30
10094,加购,2025-01-20 19:56:32
10721,浏览,2025-01-20 20:01:08
10110,加购,2025-01-20 20:04:52
10553,浏览,2025-01-20 20:10:10
10200,浏览,2025-01-20 20:11:53
10711,下单,2025-01-20 20:14:42
10508,加购,2025-01-20 20:18:02
10255,浏览,2025-01-20 20:18:49
10674,支付,2025-01-20 20:19:39
10009,浏览,2025-01-20 20:19:45
10241,浏览,2025-01-20 20:21:10
10538,下单,2025-01-20 20:30:12
10086,下单,2025-01-20 20:31:48
10066,加购,2025-01-20 20:33:21
10170,加购,2025-01-20 20:36:58
10712,浏览,2025-01-20 20:37:38
10293,加购,2025-01-20 20:46:31
10513,浏览,2025-01-20 20:46:59
10452,浏览,2025-01-20 20:48:09
10230,浏览,2025-01-20 20:50:07
10720,浏览,2025-01-20 20:56:26
10747,浏览,2025-01-20 20:59:16
10410,浏览,2025-01-20 21:01:53
10406,浏览,2025-01-20 21:02:41
10274,浏览,2025-01-20 21:04:53
10254,浏览,2025-01-20 21:05:33
10557,加购,2025-01-20 21:15:13
10046,浏览,2025-01-20 21:21:29
10530,浏览,2025-01-20 21:22:41
10726,浏览,2025-01-20 21:24:38
10714,浏览,2025-01-20 21:32:48
10086,浏览,2025-01-20 21:33:46
10345,下单,2025-01-20 21:34:22
10176,浏览,2025-01-20 21:34:28
10359,浏览,2025-01-20 21:35:20
10295,加购,2025-01-20 21:37:26
10334,浏览,2025-01-20 21:41:15
10380,浏览,2025-01-20 21:41:24
10347,浏览,2025-01-20 21:45:01
10702,浏览,2025-01-20 21:45:42
10174,支付,2025-01-20 21:51:28
10218,浏览,2025-01-20 22:03:50
10509,加购,2025-01-20 22:06:40
10551,浏览,2025-01-20 22:07:06
10633,浏览,2025-01-20 22:09:40
10638,加购,2025-01-20 22:11:59
10009,浏览,2025-01-20 22:22:12
10198,浏览,2025-01-20 22:29:59
10738,浏览,2025-01-20 22:36:38
10766,浏览,2025-01-20 22:40:49
10185,加购,2025-01-20 22:40:52
10483,下单,2025-01-20 22:51:38
10619,浏览,2025-01-20 22:52:17
10659,浏览,2025-01-20 22:53:44
10758,浏览,2025-01-20 22:55:53
10092,浏览,2025-01-20 23:25:54
10244,下单,2025-01-20 23:28:47
10382,浏览,2025-01-20 23:40:51
10548,浏览,2025-01-20 23:42:06
10557,加购,2025-01-20 23:51:41
10330,浏览,2025-01-21 01:55:31
10767,浏览,2025-01-21 02:46:54
10754,浏览,2025-01-21 04:58:58
10743,加购,2025-01-21 05:30:16
10187,加购,2025-01-21 06:33:32
10489,加购,2025-01-21 06:45:14
10505,浏览,2025-01-21 06:48:40
10063,浏览,2025-01-21 07:07:17
10151,加购,2025-01-21 07:07:41
10785,浏览,2025-01-21 07:13:23
10110,浏览,2025-01-21 07:19:34
10054,浏览,2025-01-21 07:19:38
10438,浏览,2025-01-21 07:20:27
10574,浏览,2025-01-21 07:22:30
10346,浏览,2025-01-21 07:24:15
10053,浏览,2025-01-21 07:30:07
10082,浏览,2025-01-21 07:35:47
10722,浏览,2025-01-21 07:36:52
10546,浏览,2025-01-21 07:40:17
10099,浏览,2025-01-21 07:51:11
10391,加购,2025-01-21 08:04:59
10774,浏览,2025-01-21 08:06:00
10223,下单,2025-01-21 08:07:05
10707,浏览,2025-01-21 08:10:57
10056,浏览,2025-01-21 08:25:46
10739,下单,2025-01-21 08:30:10
10703,浏览,2025-01-21 08:37:16
10549,浏览,2025-01-21 08:39:39
10321,加购,2025-01-21 08:46:15
10443,浏览,2025-01-21 08:49:17
10161,浏览,2025-01-21 08:54:09
10727,浏览,2025-01-21 09:08:28
10434,浏览,2025-01-21 09:09:04
10640,浏览,2025-01-21 09:18:05
10265,支付,2025-01-21 09:30:31
10421,支付,2025-01-21 09:32:37
10207,支付,2025-01-21 09:38:16
10029,浏览,2025-01-21 09:38:29
10559,浏览,2025-01-21 09:43:56
10520,支付,2025-01-21 09:56:38
10343,加购,2025-01-21 09:58:06
10542,支付,2025-01-21 10:04:12
10572,浏览,2025-01-21 10:05:29
10116,浏览,2025-01-21 10:07:53
10765,加购,2025-01-21 10:08:53
10499,支付,2025-01-21 10:08:59
10096,浏览,2025-01-21 10:09:18
10220,加购,2025-01-21 10:13:17
10335,浏览,2025-01-21 10:13:59
10156,下单,2025-01-21 10:28:38
10790,浏览,2025-01-21 10:36:26
10793,浏览,2025-01-21 11:28:31
10699,下单,2025-01-21 11:48:45
10270,浏览,2025-01-21 11:48:51
10333,浏览,2025-01-21 11:50:10
10565,浏览,2025-01-21 12:34:05
10265,浏览,2025-01-21 12:40:29
10093,加购,2025-01-21 12:45:14
10655,支付,2025-01-21 12:45:35
10495,浏览,2025-01-21 12:55:34
10188,浏览,2025-01-21 13:06:14
10028,加购,2025-01-21 13:06:27
10800,浏览,2025-01-21 13:07:51
10377,浏览,2025-01-21 13:25:17
10412,浏览,2025-01-21 13:25:26
10061,浏览,2025-01-21 13:34:23
10686,浏览,2025-01-21 13:37:27
10048,浏览,2025-01-21 13:45:33
10100,下单,2025-01-21 13:54:27
10432,支付,2025-01-21 14:00:21
10772,浏览,2025-01-21 14:14:52
10168,加购,2025-01-21 14:24:14
10584,浏览,2025-01-21 14:37:41
10520,浏览,2025-01-21 14:52:15
10738,加购,2025-01-21 14:52:39
10279,浏览,2025-01-21 14:53:38
10379,浏览,2025-01-21 14:59:27
10629,浏览,2025-01-21 15:02:32
10057,浏览,2025-01-21 15:06:43
10677,下单,2025-01-21 15:17:49
10753,支付,2025-01-21 15:22:05
10640,加购,2025-01-21 15:22:56
10203,浏览,2025-01-21 15:27:24
10140,浏览,2025-01-21 15:28:17
10587,浏览,2025-01-21 15:39:36
10035,浏览,2025-01-21 16:02:44
10451,支付,2025-01-21 16:04:29
10379,浏览,2025-01-21 16:16:24
10579,浏览,2025-01-21 16:17:05
10163,浏览,2025-01-21 16:17:44
10566,加购,2025-01-21 16:26:13
10543,下单,2025-01-21 16:33:00
10126,浏览,2025-01-21 16:47:56
10130,加购,2025-01-21 16:57:17
10684,下单,2025-01-21 17:12:15
10757,浏览,2025-01-21 17:20:17
10368,浏览,2025-01-21 17:35:53
10479,浏览,2025-01-21 17:39:54
10398,浏览,2025-01-21 17:51:04
10724,浏览,2025-01-21 18:00:07
10272,浏览,2025-01-21 18:01:28
10338,浏览,2025-01-21 18:01:30
10183,浏览,2025-01-21 18:02:07
10291,浏览,2025-01-21 18:05:52
10642,浏览,2025-01-21 18:15:08
10116,浏览,2025-01-21 18:33:56
10482,浏览,2025-01-21 18:39:04
10053,加购,2025-01-21 18:42:19
10467,浏览,2025-01-21 18:45:44
10542,浏览,2025-01-21 18:55:28
10532,浏览,2025-01-21 18:57:24
10233,浏览,2025-01-21 19:01:03
10019,浏览,2025-01-21 19:07:31
10645,加购,2025-01-21 19:12:45
10652,浏览,2025-01-21 19:18:26
10051,浏览,2025-01-21 19:19:51
10578,浏览,2025-01-21 19:19:58
10467,浏览,2025-01-21 19:29:30
10339,浏览,2025-01-21 19:30:00
10085,浏览,2025-01-21 19:32:14
10356,支付,2025-01-21 19:37:16
10098,浏览,2025-01-21 19:43:59
10719,浏览,2025-01-21 19:49:35
10270,加购,2025-01-21 20:04:09
10122,浏览,2025-01-21 20:04:48
10241,浏览,2025-01-21 20:07:01
10694,浏览,2025-01-21 20:07:21
10265,浏览,2025-01-21 20:14:43
10264,下单,2025-01-21 20:16:57
10127,加购,2025-01-21 20:18:06
10550,浏览,2025-01-21 20:18:17
10119,浏览,2025-01-21 20:21:19
10230,浏览,2025-01-21 20:24:16
10777,加购,2025-01-21 20:25:15
10493,浏览,2025-01-21 20:30:42
10435,浏览,2025-01-21 20:31:08
10335,浏览,2025-01-21 20:41:43
10210,浏览,2025-01-21 20:43:50
10385,浏览,2025-01-21 20:49:05
10333,支付,2025-01-21 20:52:22
10636,浏览,2025-01-21 20:55:55
10217,浏览,2025-01-21 21:09:10
10390,浏览,2025-01-21 21:10:23
10681,支付,2025-01-21 21:11:46
10211,浏览,2025-01-21 21:11:56
10487,浏览,2025-01-21 21:11:58
10322,浏览,2025-01-21 21:18:08
10425,浏览,2025-01-21 21:18:53
10741,加购,2025-01-21 21:18:55
10592,加购,2025-01-21 21:20:12
10486,浏览,2025-01-21 21:22:07
10103,加购,2025-01-21 21:24:03
10342,浏览,2025-01-21 21:27:26
10476,加购,2025-01-21 21:27:38
10330,浏览,2025-01-21 21:30:08
10715,下单,2025-01-21 21:31:06
10352,浏览,2025-01-21 21:32:31
10382,浏览,2025-01-21 21:38:10
10284,加购,2025-01-21 21:49:07
10406,浏览,2025-01-21 21:52:35
10129,浏览,2025-01-21 22:06:02
10782,加购,2025-01-21 22:07:36
10375,浏览,2025-01-21 22:15:09
10193,浏览,2025-01-21 22:15:17
10252,浏览,2025-01-21 22:21:16
10644,浏览,2025-01-21 22:22:36
10466,浏览,2025-01-21 22:25:27
10605,加购,2025-01-21 22:36:06
10157,加购,2025-01-21 22:41:49
10343,浏览,2025-01-21 22:44:55
10316,加购,2025-01-21 22:55:12
10676,加购,2025-01-21 22:58:00
10394,浏览,2025-01-21 23:04:26
10680,加购,2025-01-21 23:31:02
10788,浏览,2025-01-21 23:41:26
10446,支付,2025-01-22 03:39:55
10145,浏览,2025-01-22 04:37:57
10664,下单,2025-01-22 05:33:26
10281,浏览,2025-01-22 05:44:43
10163,浏览,2025-01-22 05:51:42
10179,下单,2025-01-22 07:05:27
10302,浏览,2025-01-22 07:11:47
10192,下单,2025-01-22 07:34:15
10314,加购,2025-01-22 07:37:13
10621,浏览,2025-01-22 08:04:04
10644,加购,2025-01-22 08:04:05
10336,浏览,2025-01-22 08:08:30
10449,浏览,2025-01-22 08:09:25
10419,浏览,2025-01-22 08:10:21
10112,支付,2025-01-22 08:11:27
10576,浏览,2025-01-22 08:22:55
10475,浏览,2025-01-22 08:26:24
10424,浏览,2025-01-22 08:33:15
10778,浏览,2025-01-22 08:35:02
10504,加购,2025-01-22 08:55:14
10625,浏览,2025-01-22 09:10:12
10744,加购,2025-01-22 09:28:09
10712,浏览,2025-01-22 09:34:37
10121,浏览,2025-01-22 09:38:34
10776,浏览,2025-01-22 10:02:09
10323,下单,2025-01-22 10:19:10
10234,浏览,2025-01-22 10:21:17
10117,浏览,2025-01-22 10:21:22
10147,下单,2025-01-22 10:24:00
10069,支付,2025-01-22 10:26:07
10469,浏览,2025-01-22 10:36:06
10575,浏览,2025-01-22 10:37:09
10145,浏览,2025-01-22 10:39:45
10350,支付,2025-01-22 10:43:45
10243,浏览,2025-01-22 11:06:25
10643,浏览,2025-01-22 11:11:52
10559,浏览,2025-01-22 11:17:56
10688,加购,2025-01-22 11:28:22
10682,加购,2025-01-22 11:31:17
10387,浏览,2025-01-22 11:32:01
10628,加购,2025-01-22 11:41:47
10606,浏览,2025-01-22 11:56:05
10385,加购,2025-01-22 12:35:41
10487,加购,2025-01-22 12:47:51
10401,支付,2025-01-22 12:49:12
10068,加购,2025-01-22 12:59:55
10184,浏览,2025-01-22 13:19:39
10488,下单,2025-01-22 13:19:54
10640,加购,2025-01-22 13:43:08
10724,浏览,2025-01-22 13:46:17
10174,浏览,2025-01-22 13:58:15
10020,浏览,2025-01-22 13:58:56
10616,浏览,2025-01-22 14:02:59
10586,浏览,2025-01-22 14:08:17
10308,浏览,2025-01-22 14:25:44
10565,下单,2025-01-22 14:33:27
10532,加购,2025-01-22 14:38:06
10246,下单,2025-01-22 14:39:03
10722,下单,2025-01-22 14:43:44
10373,浏览,2025-01-22 14:46:33
10403,浏览,2025-01-22 14:49:21
10441,浏览,2025-01-22 14:52:33
10376,浏览,2025-01-22 14:53:42
10099,下单,2025-01-22 15:02:57
10576,浏览,2025-01-22 15:21:23
10540,浏览,2025-01-22 15:23:01
10590,浏览,2025-01-22 15:23:22
10020,浏览,2025-01-22 15:37:26
10381,加购,2025-01-22 15:41:27
10641,浏览,2025-01-22 15:56:20
10515,加购,2025-01-22 15:58:11
10636,下单,2025-01-22 16:01:24
10630,浏览,2025-01-22 16:02:31
10377,浏览,2025-01-22 16:06:25
10452,浏览,2025-01-22 16:09:21
10397,浏览,2025-01-22 16:35:09
10658,加购,2025-01-22 16:39:44
10654,浏览,2025-01-22 16:42:27
10180,加购,2025-01-22 16:44:30
10506,浏览,2025-01-22 16:57:21
10184,浏览,2025-01-22 17:06:29
10024,浏览,2025-01-22 17:08:30
10076,浏览,2025-01-22 17:08:56
10454,浏览,2025-01-22 17:11:12
10274,浏览,2025-01-22 17:22:16
10417,浏览,2025-01-22 17:31:23
10690,浏览,2025-01-22 17:32:40
10660,浏览,2025-01-22 17:37:19
10496,浏览,2025-01-22 17:40:01
10217,加购,2025-01-22 17:43:55
10100,浏览,2025-01-22 17:55:08
10770,下单,2025-01-22 18:02:06
10661,浏览,2025-01-22 18:02:58
10792,浏览,2025-01-22 18:07:50
10412,浏览,2025-01-22 18:08:20
10768,浏览,2025-01-22 18:12:33
10255,浏览,2025-01-22 18:19:40
10662,浏览,2025-01-22 18:25:15
10546,浏览,2025-01-22 18:29:00
10401,浏览,2025-01-22 18:32:09
10088,浏览,2025-01-22 18:41:23
10133,下单,2025-01-22 18:48:37
10673,浏览,2025-01-22 18:54:25
10785,浏览,2025-01-22 18:55:00
10163,加购,2025-01-22 19:00:14
10148,浏览,2025-01-22 19:02:25
10255,浏览,2025-01-22 19:05:00
10494,浏览,2025-01-22 19:09:53
10722,浏览,2025-01-22 19:18:53
10535,浏览,2025-01-22 19:19:26
10391,浏览,2025-01-22 19:27:40
10272,浏览,2025-01-22 19:29:20
10546,浏览,2025-01-22 19:30:16
10441,浏览,2025-01-22 19:31:33
10585,浏览,2025-01-22 19:33:23
10086,浏览,2025-01-22 19:39:36
10337,加购,2025-01-22 19:47:43
10799,浏览,2025-01-22 19:55:51
10110,浏览,2025-01-22 19:58:51
10726,浏览,2025-01-22 20:10:15
10324,加购,2025-01-22 20:17:43
10438,浏览,2025-01-22 20:20:16
10569,浏览,2025-01-22 20:21:30
10517,加购,2025-01-22 20:25:50
10356,浏览,2025-01-22 20:29:07
10655,浏览,2025-01-22 20:29:10
10301,浏览,2025-01-22 20:31:10
10300,浏览,2025-01-22 20:31:43
10294,浏览,2025-01-22 20:35:23
10542,加购,2025-01-22 20:35:34
10620,浏览,2025-01-22 20:41:36
10624,浏览,2025-01-22 20:47:11
10761,加购,2025-01-22 20:51:03
10438,加购,2025-01-22 21:04:40
10430,浏览,2025-01-22 21:11:53
10772,浏览,2025-01-22 21:11:55
10764,加购,2025-01-22 21:12:45
10246,浏览,2025-01-22 21:14:40
10612,浏览,2025-01-22 21:15:04
10501,浏览,2025-01-22 21:33:32
10579,浏览,2025-01-22 21:33:33
10334,浏览,2025-01-22 21:36:32
10224,支付,2025-01-22 21:41:49
10398,浏览,2025-01-22 21:42:23
10339,浏览,2025-01-22 21:46:57
10348,浏览,2025-01-22 21:47:17
10386,支付,2025-01-22 21:50:57
10153,支付,2025-01-22 21:53:15
10762,加购,2025-01-22 22:09:55
10188,下单,2025-01-22 22:12:31
10021,加购,2025-01-22 22:22:12
10162,浏览,2025-01-22 22:29:26
10632,浏览,2025-01-22 22:43:25
10387,浏览,2025-01-22 22:55:34
10761,浏览,2025-01-22 22:57:04
10256,支付,2025-01-22 22:58:28
10062,浏览,2025-01-22 22:58:30
10700,下单,2025-01-22 23:04:30
10337,浏览,2025-01-22 23:07:25
10464,浏览,2025-01-22 23:21:13
10528,浏览,2025-01-22 23:26:01
10174,浏览,2025-01-22 23:51:47
10090,浏览,2025-01-22 23:55:29
10586,浏览,2025-01-23 02:59:50
10455,加购,2025-01-23 03:07:09
10380,浏览,2025-01-23 04:52:03
10783,加购,2025-01-23 04:57:30
10663,支付,2025-01-23 05:30:52
10544,加购,2025-01-23 05:49:49
10109,浏览,2025-01-23 06:59:59
10392,加购,2025-01-23 07:01:59
10521,浏览,2025-01-23 07:13:06
10334,浏览,2025-01-23 07:24:06
10371,浏览,2025-01-23 07:42:14
10180,浏览,2025-01-23 07:45:49
10704,浏览,2025-01-23 07:57:10
10390,浏览,2025-01-23 08:20:31
10239,浏览,2025-01-23 08:20:40
10719,浏览,2025-01-23 08:29:21
10753,加购,2025-01-23 08:31:03
10380,浏览,2025-01-23 08:55:42
10721,加购,2025-01-23 08:58:18
10694,下单,2025-01-23 09:00:39
10058,加购,2025-01-23 09:04:59
10247,浏览,2025-01-23 09:05:03
10261,浏览,2025-01-23 09:13:04
10503,浏览,2025-01-23 09:14:04
10528,支付,2025-01-23 09:23:18
10058,浏览,2025-01-23 09:31:54
10411,浏览,2025-01-23 09:38:08
10731,浏览,2025-01-23 09:40:19
10397,加购,2025-01-23 09:44:27
10121,支付,2025-01-23 09:46:01
10772,浏览,2025-01-23 09:47:06
10658,加购,2025-01-23 09:52:05
10328,浏览,2025-01-23 09:54:45
10758,加购,2025-01-23 10:09:35
10211,浏览,2025-01-23 10:12:55
10641,浏览,2025-01-23 10:13:51
10015,浏览,2025-01-23 10:18:10
10190,下单,2025-01-23 10:18:29
10429,浏览,2025-01-23 10:32:49
10195,浏览,2025-01-23 10:34:40
10133,浏览,2025-01-23 10:35:53
10004,浏览,2025-01-23 10:39:13
10244,浏览,2025-01-23 11:01:42
10103,加购,2025-01-23 11:04:22
10752,加购,2025-01-23 11:13:10
10530,浏览,2025-01-23 11:28:15
10791,浏览,2025-01-23 11:34:36
10360,浏览,2025-01-23 11:53:49
10655,支付,2025-01-23 11:54:19
10415,浏览,2025-01-23 12:14:24
10714,浏览,2025-01-23 12:21:57
10564,支付,2025-01-23 12:45:50
10073,浏览,2025-01-23 13:02:18
10227,浏览,2025-01-23 13:04:39
10456,浏览,2025-01-23 13:07:55
10389,浏览,2025-01-23 13:22:49
10047,浏览,2025-01-23 13:30:33
10326,加购,2025-01-23 13:37:01
10330,浏览,2025-01-23 13:57:24
10677,浏览,2025-01-23 14:06:40
10531,浏览,2025-01-23 14:09:12
10149,浏览,2025-01-23 14:19:01
10726,浏览,2025-01-23 14:34:06
10698,加购,2025-01-23 14:34:18
10476,浏览,2025-01-23 14:44:30
10394,浏览,2025-01-23 14:51:43
10564,浏览,2025-01-23 15:19:16
10218,加购,2025-01-23 15:38:16
10583,浏览,2025-01-23 15:41:51
10585,下单,2025-01-23 15:47:57
10659,浏览,2025-01-23 15:54:15
10432,浏览,2025-01-23 16:01:20
10378,浏览,2025-01-23 16:11:53
10582,浏览,2025-01-23 16:12:33
10446,浏览,2025-01-23 16:14:45
10387,加购,2025-01-23 16:19:53
10108,浏览,2025-01-23 16:20:40
10242,浏览,2025-01-23 16:35:54
10021,浏览,2025-01-23 16:37:53
10708,浏览,2025-01-23 16:50:01
10181,加购,2025-01-23 17:03:35
10317,支付,2025-01-23 17:04:04
10586,加购,2025-01-23 17:08:31
10628,下单,2025-01-23 17:09:29
10502,浏览,2025-01-23 17:22:01
10157,下单,2025-01-23 17:23:26
10600,下单,2025-01-23 17:25:26
10540,浏览,2025-01-23 17:25:48
10003,浏览,2025-01-23 17:29:27
10162,浏览,2025-01-23 17:31:38
10216,浏览,2025-01-23 17:32:04
10498,浏览,2025-01-23 17:35:28
10581,浏览,2025-01-23 17:49:58
10288,浏览,2025-01-23 18:08:27
10683,加购,2025-01-23 18:08:45
10344,浏览,2025-01-23 18:17:08
10003,浏览,2025-01-23 18:18:02
10532,浏览,2025-01-23 18:28:23
10733,浏览,2025-01-23 18:34:53
10090,浏览,2025-01-23 18:50:45
10077,浏览,2025-01-23 18:51:24
10186,浏览,2025-01-23 18:51:59
10290,浏览,2025-01-23 18:55:13
10180,浏览,2025-01-23 18:58:08
10354,支付,2025-01-23 18:58:52
10634,浏览,2025-01-23 19:00:11
10184,浏览,2025-01-23 19:01:07
10560,浏览,2025-01-23 19:03:59
10263,浏览,2025-01-23 19:04:02
10318,支付,2025-01-23 19:08:38
10052,浏览,2025-01-23 19:14:54
10440,浏览,2025-01-23 19:18:07
10070,加购,2025-01-23 19:20:54
10231,下单,2025-01-23 19:23:48
10084,浏览,2025-01-23 19:29:40
10028,浏览,2025-01-23 19:34:26
10607,浏览,2025-01-23 19:39:22
10635,浏览,2025-01-23 19:45:28
10620,下单,2025-01-23 19:53:39
10380,浏览,2025-01-23 19:55:40
10373,加购,2025-01-23 19:57:50
10729,加购,2025-01-23 20:05:07
10710,浏览,2025-01-23 20:08:42
10150,加购,2025-01-23 20:13:48
10540,浏览,2025-01-23 20:14:44
10526,浏览,2025-01-23 20:16:19
10295,浏览,2025-01-23 20:19:28
10068,浏览,2025-01-23 20:33:26
10646,浏览,2025-01-23 20:34:55
10278,浏览,2025-01-23 20:36:15
10352,浏览,2025-01-23 20:46:24
10650,浏览,2025-01-23 20:50:05
10377,加购,2025-01-23 20:56:04
10739,浏览,2025-01-23 21:07:00
10764,浏览,2025-01-23 21:22:59
10714,下单,2025-01-23 21:25:06
10509,浏览,2025-01-23 21:25:27
10270,浏览,2025-01-23 21:30:32
10211,浏览,2025-01-23 21:37:28
10514,浏览,2025-01-23 21:40:51
10578,下单,2025-01-23 21:51:02
10279,加购,2025-01-23 21:51:26
10439,浏览,2025-01-23 21:52:14
10044,浏览,2025-01-23 21:54:14
10142,浏览,2025-01-23 21:58:08
10791,加购,2025-01-23 21:58:35
10224,加购,2025-01-23 22:00:00
10562,浏览,2025-01-23 22:08:30
10373,浏览,2025-01-23 22:21:50
10326,加购,2025-01-23 22:24:24
10437,加购,2025-01-23 22:34:36
10537,浏览,2025-01-23 22:40:04
10284,浏览,2025-01-23 22:41:19
10297,浏览,2025-01-23 22:47:19
10466,浏览,2025-01-23 22:50:35
10333,浏览,2025-01-23 22:50:36
10507,浏览,2025-01-23 23:15:56
10195,下单,2025-01-24 01:27:44
10570,下单,2025-01-24 01:40:46
10389,浏览,2025-01-24 04:30:03
10199,浏览,2025-01-24 04:53:43
10401,浏览,2025-01-24 05:41:11
10722,浏览,2025-01-24 06:20:31
10532,浏览,2025-01-24 06:24:33
10331,浏览,2025-01-24 06:59:35
10178,浏览,2025-01-24 07:01:03
10323,浏览,2025-01-24 07:17:41
10273,浏览,2025-01-24 07:19:04
10636,浏览,2025-01-24 07:34:52
10331,加购,2025-01-24 07:38:24
10118,浏览,2025-01-24 07:48:23
10506,浏览,2025-01-24 07:48:52
10265,浏览,2025-01-24 07:56:19
10717,加购,2025-01-24 08:04:45
10773,浏览,2025-01-24 08:13:58
10583,下单,2025-01-24 08:20:50
10496,浏览,2025-01-24 08:21:40
10768,加购,2025-01-24 08:26:23
10119,浏览,2025-01-24 08:39:50
10353,浏览,2025-01-24 08:47:51
10769,浏览,2025-01-24 08:52:29
10729,下单,2025-01-24 08:55:02
10085,浏览,2025-01-24 08:55:25
10511,浏览,2025-01-24 08:57:28
10104,浏览,2025-01-24 08:59:40
10661,浏览,2025-01-24 09:06:42
10088,浏览,2025-01-24 09:19:21
10340,浏览,2025-01-24 09:44:46
10201,浏览,2025-01-24 09:51:00
10731,浏览,2025-01-24 09:54:08
10793,加购,2025-01-24 09:55:42
10261,加购,2025-01-24 10:04:02
10234,浏览,2025-01-24 10:14:33
10006,浏览,2025-01-24 10:22:00
10278,浏览,2025-01-24 10:37:58
10222,浏览,2025-01-24 10:38:14
10056,浏览,2025-01-24 10:40:52
10169,浏览,2025-01-24 10:47:09
10424,浏览,2025-01-24 11:00:02
10257,加购,2025-01-24 11:00:41
10006,浏览,2025-01-24 11:07:12
10416,浏览,2025-01-24 11:08:36
10611,浏览,2025-01-24 11:08:42
10169,下单,2025-01-24 11:11:35
10136,下单,2025-01-24 11:12:31
10655,浏览,2025-01-24 11:14:08
10755,浏览,2025-01-24 11:16:13
10457,浏览,2025-01-24 11:20:39
10592,浏览,2025-01-24 11:32:17
10601,下单,2025-01-24 11:42:48
10194,加购,2025-01-24 12:36:00
10778,浏览,2025-01-24 12:44:43
10641,支付,2025-01-24 12:54:09
10025,浏览,2025-01-24 13:15:13
10649,浏览,2025-01-24 13:15:36
10403,加购,2025-01-24 13:28:17
10103,浏览,2025-01-24 13:31:47
10097,浏览,2025-01-24 13:38:30
10039,浏览,2025-01-24 14:00:57
10529,加购,2025-01-24 14:04:36
10727,加购,2025-01-24 14:07:31
10342,浏览,2025-01-24 14:20:29
10048,浏览,2025-01-24 14:43:25
10673,浏览,2025-01-24 14:43:39
10355,浏览,2025-01-24 14:48:34
10073,浏览,2025-01-24 14:51:45
10083,浏览,2025-01-24 15:01:20
10050,浏览,2025-01-24 15:10:56
10740,浏览,2025-01-24 15:12:03
10234,浏览,2025-01-24 15:12:24
10384,浏览,2025-01-24 15:48:20
10138,浏览,2025-01-24 15:52:20
10662,浏览,2025-01-24 16:11:49
10288,加购,2025-01-24 16:51:17
10716,浏览,2025-01-24 17:03:14
10270,浏览,2025-01-24 17:17:04
10126,加购,2025-01-24 17:17:56
10350,浏览,2025-01-24 17:33:09
10306,浏览,2025-01-24 17:34:24
10568,加购,2025-01-24 17:42:18
10764,浏览,2025-01-24 17:42:57
10544,浏览,2025-01-24 17:49:20
10701,加购,2025-01-24 17:54:11
10382,加购,2025-01-24 18:02:03
10128,浏览,2025-01-24 18:11:03
10257,浏览,2025-01-24 18:21:22
10243,浏览,2025-01-24 18:22:55
10154,浏览,2025-01-24 18:27:07
10403,浏览,2025-01-24 18:32:24
10240,加购,2025-01-24 18:36:38
10106,浏览,2025-01-24 18:38:55
10566,浏览,2025-01-24 18:43:38
10556,浏览,2025-01-24 18:44:16
10159,浏览,2025-01-24 18:46:35
10207,浏览,2025-01-24 18:53:12
10411,浏览,2025-01-24 19:01:05
10663,加购,2025-01-24 19:04:22
10678,浏览,2025-01-24 19:05:13
10142,浏览,2025-01-24 19:08:17
10356,浏览,2025-01-24 19:18:12
10232,浏览,2025-01-24 19:21:45
10274,浏览,2025-01-24 19:23:45
10255,加购,2025-01-24 19:25:29
10530,浏览,2025-01-24 19:28:06
10748,下单,2025-01-24 19:31:12
10782,加购,2025-01-24 19:31:29
10465,浏览,2025-01-24 19:34:26
10534,浏览,2025-01-24 19:35:34
10466,浏览,2025-01-24 19:37:24
10252,浏览,2025-01-24 19:42:04
10684,浏览,2025-01-24 19:49:09
10068,加购,2025-01-24 19:51:59
10752,加购,2025-01-24 20:00:09
10699,下单,2025-01-24 20:05:28
10216,浏览,2025-01-24 20:09:02
10677,加购,2025-01-24 20:17:09
10697,浏览,2025-01-24 20:17:33
10601,加购,2025-01-24 20:17:46
10446,加购,2025-01-24 20:29:46
10152,浏览,2025-01-24 20:30:52
10744,浏览,2025-01-24 20:35:09
10098,浏览,2025-01-24 20:36:02
10630,浏览,2025-01-24 20:36:14
10517,浏览,2025-01-24 20:37:42
10514,加购,2025-01-24 20:40:50
10720,加购,2025-01-24 20:41:52
10620,加购,2025-01-24 20:43:48
10449,加购,2025-01-24 20:46:18
10088,浏览,2025-01-24 20:46:22
10172,浏览,2025-01-24 20:49:52
10551,浏览,2025-01-24 20:56:08
10755,浏览,2025-01-24 21:05:37
10029,浏览,2025-01-24 21:06:08
10798,浏览,2025-01-24 21:21:54
10134,浏览,2025-01-24 21:27:13
10454,浏览,2025-01-24 21:27:53
10151,加购,2025-01-24 21:28:21
10426,浏览,2025-01-24 21:38:58
10178,浏览,2025-01-24 21:40:15
10043,加购,2025-01-24 21:46:13
10183,浏览,2025-01-24 21:48:07
10575,浏览,2025-01-24 21:48:30
10641,加购,2025-01-24 21:51:39
10417,加购,2025-01-24 21:57:00
10398,加购,2025-01-24 21:57:15
10611,浏览,2025-01-24 21:58:00
10396,浏览,2025-01-24 21:58:38
10356,浏览,2025-01-24 22:01:14
10035,加购,2025-01-24 22:04:13
10397,加购,2025-01-24 22:13:12
10112,浏览,2025-01-24 22:18:54
10634,加购,2025-01-24 22:23:02
10710,浏览,2025-01-24 22:26:23
10476,浏览,2025-01-24 22:35:40
10085,浏览,2025-01-24 22:42:46
10446,支付,2025-01-24 22:43:17
10346,浏览,2025-01-24 22:58:56
10522,浏览,2025-01-24 23:03:37
10384,浏览,2025-01-24 23:12:28
10163,加购,2025-01-24 23:35:26
10339,下单,2025-01-24 23:59:08
10031,浏览,2025-01-25 02:51:33
10080,浏览,2025-01-25 03:33:47
10576,浏览,2025-01-25 06:07:32
10199,浏览,2025-01-25 06:21:43
10376,浏览,2025-01-25 06:46:28
10445,浏览,2025-01-25 06:59:41
10223,加购,2025-01-25 07:32:18
10490,浏览,2025-01-25 08:03:17
10566,浏览,2025-01-25 08:04:12
10469,支付,2025-01-25 08:06:50
10309,浏览,2025-01-25 08:07:58
10045,浏览,2025-01-25 08:09:40
10192,浏览,2025-01-25 08:16:44
10740,浏览,2025-01-25 08:19:31
10615,浏览,2025-01-25 08:28:37
10335,浏览,2025-01-25 08:35:25
10502,加购,2025-01-25 08:39:27
10393,加购,2025-01-25 08:44:37
10166,浏览,2025-01-25 08:45:58
10700,浏览,2025-01-25 09:03:04
10043,下单,2025-01-25 09:05:26
10449,下单,2025-01-25 09:10:20
10600,浏览,2025-01-25 09:15:00
10784,浏览,2025-01-25 09:20:55
10564,浏览,2025-01-25 09:21:36
10553,浏览,2025-01-25 09:25:14
10087,加购,2025-01-25 09:41:02
10281,浏览,2025-01-25 09:48:10
10204,浏览,2025-01-25 09:49:59
10446,加购,2025-01-25 09:55:37
10648,浏览,2025-01-25 09:56:31
10601,浏览,2025-01-25 09:56:48
10441,支付,2025-01-25 09:59:36
10426,加购,2025-01-25 10:04:59
10507,浏览,2025-01-25 10:11:56
10758,浏览,2025-01-25 10:13:16
10124,浏览,2025-01-25 10:19:29
10688,浏览,2025-01-25 10:20:56
10082,加购,2025-01-25 10:28:41
10054,下单,2025-01-25 10:31:46
10588,支付,2025-01-25 10:34:25
10069,浏览,2025-01-25 10:49:17
10193,浏览,2025-01-25 11:03:51
10570,浏览,2025-01-25 11:14:51
10629,浏览,2025-01-25 11:20:48
10624,下单,2025-01-25 11:25:21
10576,浏览,2025-01-25 11:28:13
10107,浏览,2025-01-25 11:29:55
10335,下单,2025-01-25 11:46:16
10334,加购,2025-01-25 11:52:01
10372,下单,2025-01-25 11:55:51
10390,浏览,2025-01-25 11:56:43
10381,浏览,2025-01-25 12:00:20
10319,浏览,2025-01-25 12:04:24
10519,浏览,2025-01-25 12:04:34
10001,浏览,2025-01-25 12:24:20
10625,浏览,2025-01-25 13:07:49
10560,浏览,2025-01-25 13:10:43
10259,浏览,2025-01-25 13:22:16
10229,浏览,2025-01-25 13:29:41
10331,加购,2025-01-25 13:30:37
10419,浏览,2025-01-25 13:43:20
10002,浏览,2025-01-25 14:04:41
10057,浏览,2025-01-25 14:12:04
10161,浏览,2025-01-25 14:18:55
10050,浏览,2025-01-25 14:22:51
10473,加购,2025-01-25 14:33:26
10150,浏览,2025-01-25 14:34:30
10562,浏览,2025-01-25 14:48:05
10151,浏览,2025-01-25 15:10:13
10192,浏览,2025-01-25 15:19:07
10644,浏览,2025-01-25 15:19:56
10431,浏览,2025-01-25 15:24:07
10364,浏览,2025-01-25 15:32:48
10601,浏览,2025-01-25 15:35:08
10385,浏览,2025-01-25 15:41:54
10751,浏览,2025-01-25 15:44:51
10347,浏览,2025-01-25 15:47:01
10269,浏览,2025-01-25 15:55:20
10705,下单,2025-01-25 16:00:49
10760,浏览,2025-01-25 16:15:44
10474,加购,2025-01-25 16:34:55
10127,下单,2025-01-25 16:48:32
10673,下单,2025-01-25 16:49:29
10602,加购,2025-01-25 16:52:29
10584,浏览,2025-01-25 16:57:01
10047,浏览,2025-01-25 17:00:54
10214,浏览,2025-01-25 17:04:32
10682,加购,2025-01-25 17:09:48
10742,浏览,2025-01-25 17:18:06
10629,浏览,2025-01-25 17:22:04
10629,浏览,2025-01-25 17:28:10
10254,浏览,2025-01-25 17:30:55
10770,下单,2025-01-25 17:31:33
10077,浏览,2025-01-25 17:35:49
10559,浏览,2025-01-25 17:47:16
10585,加购,2025-01-25 17:52:49
10448,浏览,2025-01-25 18:01:39
10286,浏览,2025-01-25 18:01:53
10515,浏览,2025-01-25 18:05:45
10164,浏览,2025-01-25 18:08:35
10658,浏览,2025-01-25 18:11:25
10520,浏览,2025-01-25 18:13:17
10484,浏览,2025-01-25 18:14:10
10672,加购,2025-01-25 18:14:46
10455,加购,2025-01-25 18:20:58
10596,浏览,2025-01-25 18:29:47
10021,加购,2025-01-25 18:30:00
10319,浏览,2025-01-25 18:30:14
10465,浏览,2025-01-25 18:37:20
10078,浏览,2025-01-25 18:38:25
10631,浏览,2025-01-25 18:39:03
10476,加购,2025-01-25 18:43:59
10490,加购,2025-01-25 18:44:13
10686,浏览,2025-01-25 18:50:08
10677,浏览,2025-01-25 18:51:15
10707,浏览,2025-01-25 18:53:09
10290,浏览,2025-01-25 18:56:32
10320,浏览,2025-01-25 19:01:01
10491,支付,2025-01-25 19:01:21
10726,下单,2025-01-25 19:16:08
10485,浏览,2025-01-25 19:18:22
10048,浏览,2025-01-25 19:19:01
10013,浏览,2025-01-25 19:24:49
10328,浏览,2025-01-25 19:25:01
10002,下单,2025-01-25 19:27:33
10375,加购,2025-01-25 19:46:27
10348,浏览,2025-01-25 19:52:27
10445,支付,2025-01-25 19:55:06
10397,浏览,2025-01-25 20:00:07
10702,浏览,2025-01-25 20:05:07
10095,浏览,2025-01-25 20:09:52
10214,浏览,2025-01-25 20:12:56
10702,浏览,2025-01-25 20:14:52
10376,浏览,2025-01-25 20:15:31
10405,加购,2025-01-25 20:18:02
10131,浏览,2025-01-25 20:25:32
10698,浏览,2025-01-25 20:32:33
10409,加购,2025-01-25 20:38:27
10779,浏览,2025-01-25 20:46:50
10076,浏览,2025-01-25 20:52:09
10411,加购,2025-01-25 20:54:31
10098,浏览,2025-01-25 20:58:03
10379,加购,2025-01-25 20:58:44
10468,浏览,2025-01-25 20:59:26
10242,浏览,2025-01-25 21:02:21
10403,浏览,2025-01-25 21:02:24
10081,浏览,2025-01-25 21:09:28
10278,加购,2025-01-25 21:12:19
10210,浏览,2025-01-25 21:19:53
10441,浏览,2025-01-25 21:28:00
10208,浏览,2025-01-25 21:28:53
10007,浏览,2025-01-25 21:29:53
10040,支付,2025-01-25 21:30:16
10079,浏览,2025-01-25 21:38:22
10440,加购,2025-01-25 21:39:43
10394,浏览,2025-01-25 21:41:05
10144,加购,2025-01-25 21:42:08
10560,浏览,2025-01-25 21:43:41
10316,加购,2025-01-25 21:46:55
10381,浏览,2025-01-25 21:46:56
10259,下单,2025-01-25 21:58:35
10230,下单,2025-01-25 21:58:48
10741,浏览,2025-01-25 22:02:27
10230,下单,2025-01-25 22:04:41
10576,浏览,2025-01-25 22:05:07
10705,浏览,2025-01-25 22:05:30
10346,浏览,2025-01-25 22:07:08
10413,浏览,2025-01-25 22:09:07
10798,加购,2025-01-25 22:11:07
10495,下单,2025-01-25 22:11:44
10245,浏览,2025-01-25 22:21:51
10503,浏览,2025-01-25 22:25:13
10302,加购,2025-01-25 22:25:36
10451,浏览,2025-01-25 22:31:00
10270,浏览,2025-01-25 22:33:20
10251,浏览,2025-01-25 22:35:58
10674,支付,2025-01-25 22:37:06
10659,浏览,2025-01-25 22:37:47
10250,浏览,2025-01-25 22:44:05
10469,支付,2025-01-25 22:44:41
10527,加购,2025-01-25 22:45:29
10530,浏览,2025-01-25 22:53:42
10484,浏览,2025-01-25 22:55:25
10028,浏览,2025-01-25 23:12:10
10260,浏览,2025-01-25 23:17:03
10297,支付,2025-01-25 23:36:42
10701,加购,2025-01-25 23:46:32
10180,浏览,2025-01-26 03:44:41
10550,浏览,2025-01-26 03:46:15
10401,浏览,2025-01-26 05:04:31
10084,下单,2025-01-26 05:47:14
10054,浏览,2025-01-26 06:03:19
10425,加购,2025-01-26 06:07:40
10455,浏览,2025-01-26 06:18:54
10296,浏览,2025-01-26 06:24:30
10596,浏览,2025-01-26 06:53:23
10212,加购,2025-01-26 07:22:34
10573,加购,2025-01-26 07:27:40
10317,浏览,2025-01-26 07:36:26
10324,加购,2025-01-26 08:00:12
10194,浏览,2025-01-26 08:03:58
10228,加购,2025-01-26 08:06:45
10432,浏览,2025-01-26 08:16:15
10026,加购,2025-01-26 08:28:37
10365,加购,2025-01-26 08:29:55
10336,加购,2025-01-26 08:32:45
10569,下单,2025-01-26 08:36:39
10714,加购,2025-01-26 08:49:50
10438,浏览,2025-01-26 08:52:19
10474,浏览,2025-01-26 09:00:03
10732,浏览,2025-01-26 09:02:18
10763,加购,2025-01-26 09:03:37
10237,浏览,2025-01-26 09:07:40
10666,浏览,2025-01-26 09:09:54
10489,加购,2025-01-26 09:16:10
10725,浏览,2025-01-26 09:16:39
10649,下单,2025-01-26 09:19:00
10151,加购,2025-01-26 09:23:20
10736,浏览,2025-01-26 09:23:21
10471,加购,2025-01-26 09:50:48
10055,浏览,2025-01-26 09:54:58
10278,浏览,2025-01-26 09:55:23
10159,浏览,2025-01-26 09:57:14
10232,浏览,2025-01-26 10:00:18
10213,浏览,2025-01-26 10:01:57
10321,加购,2025-01-26 10:03:19
10395,浏览,2025-01-26 10:11:00
10422,浏览,2025-01-26 10:11:05
10682,浏览,2025-01-26 10:22:30
10574,加购,2025-01-26 10:32:28
10065,浏览,2025-01-26 10:33:41
10211,浏览,2025-01-26 10:40:05
10044,浏览,2025-01-26 10:43:23
10051,浏览,2025-01-26 11:00:13
10067,浏览,2025-01-26 11:05:55
10254,浏览,2025-01-26 11:08:54
10686,加购,2025-01-26 11:10:50
10527,浏览,2025-01-26 11:51:03
10660,浏览,2025-01-26 11:52:35
10573,浏览,2025-01-26 12:01:25
10256,浏览,2025-01-26 12:36:25
10233,浏览,2025-01-26 13:07:20
10621,加购,2025-01-26 13:32:47
10220,浏览,2025-01-26 13:35:39
10386,浏览,2025-01-26 13:52:45
10249,加购,2025-01-26 14:06:06
10504,浏览,2025-01-26 14:07:45
10505,浏览,2025-01-26 14:15:01
10041,下单,2025-01-26 14:18:40
10390,浏览,2025-01-26 14:27:30
10087,浏览,2025-01-26 14:30:01
10154,浏览,2025-01-26 14:37:55
10340,浏览,2025-01-26 14:49:37
10016,浏览,2025-01-26 14:52:33
10744,浏览,2025-01-26 14:52:46
10547,支付,2025-01-26 15:01:02
10243,浏览,2025-01-26 15:08:04
10417,浏览,2025-01-26 15:08:17
10151,浏览,2025-01-26 15:08:58
10482,浏览,2025-01-26 15:19:17
10294,浏览,2025-01-26 15:21:30
10167,浏览,2025-01-26 15:32:19
10662,浏览,2025-01-26 15:37:23
10054,浏览,2025-01-26 15:42:30
10525,加购,2025-01-26 15:45:21
10628,浏览,2025-01-26 15:50:50
10538,浏览,2025-01-26 15:54:20
10776,浏览,2025-01-26 16:02:58
10443,浏览,2025-01-26 16:17:24
10450,支付,2025-01-26 16:18:17
10683,浏览,2025-01-26 16:18:43
10717,浏览,2025-01-26 16:25:50
10302,浏览,2025-01-26 16:32:25
10314,浏览,2025-01-26 16:33:22
10364,浏览,2025-01-26 16:39:57
10256,浏览,2025-01-26 17:01:24
10029,浏览,2025-01-26 17:09:54
10209,浏览,2025-01-26 17:11:23
10501,浏览,2025-01-26 17:19:31
10437,浏览,2025-01-26 17:22:36
10180,浏览,2025-01-26 17:23:33
10131,浏览,2025-01-26 17:26:41
10150,加购,2025-01-26 17:36:21
10677,浏览,2025-01-26 17:36:24
10760,浏览,2025-01-26 17:38:56
10002,浏览,2025-01-26 17:46:47
10088,浏览,2025-01-26 17:48:37
10425,浏览,2025-01-26 17:52:00
10116,浏览,2025-01-26 17:54:05
10117,浏览,2025-01-26 18:04:51
10319,浏览,2025-01-26 18:05:06
10081,浏览,2025-01-26 18:05:54
10016,浏览,2025-01-26 18:11:49
10576,浏览,2025-01-26 18:19:43
10552,加购,2025-01-26 18:37:27
10701,浏览,2025-01-26 18:39:03
10624,浏览,2025-01-26 18:41:53
10696,加购,2025-01-26 18:43:49
10517,加购,2025-01-26 18:44:50
10318,加购,2025-01-26 18:46:02
10421,浏览,2025-01-26 18:49:11
10135,浏览,2025-01-26 18:51:03
10166,加购,2025-01-26 18:55:16
10297,浏览,2025-01-26 18:57:56
10134,浏览,2025-01-26 19:06:08
10483,加购,2025-01-26 19:13:48
10056,浏览,2025-01-26 19:16:35
10122,支付,2025-01-26 19:21:01
10515,浏览,2025-01-26 19:38:05
10647,加购,2025-01-26 19:39:07
10426,加购,2025-01-26 19:52:39
10374,浏览,2025-01-26 20:03:35
10636,加购,2025-01-26 20:04:10
10657,浏览,2025-01-26 20:09:26
10768,浏览,2025-01-26 20:15:55
10348,浏览,2025-01-26 20:25:07
10405,浏览,2025-01-26 20:33:44
10057,浏览,2025-01-26 20:34:38
10095,下单,2025-01-26 20:41:09
10485,加购,2025-01-26 20:42:05
10399,浏览,2025-01-26 20:44:18
10178,加购,2025-01-26 20:47:08
10342,浏览,2025-01-26 20:47:33
10252,加购,2025-01-26 20:49:16
10495,浏览,2025-01-26 20:54:35
10243,加购,2025-01-26 20:56:26
10337,加购,2025-01-26 21:00:17
10292,浏览,2025-01-26 21:00:58
10765,浏览,2025-01-26 21:02:38
10065,浏览,2025-01-26 21:11:23
10204,支付,2025-01-26 21:12:38
10442,浏览,2025-01-26 21:14:01
10356,浏览,2025-01-26 21:16:10
10167,浏览,2025-01-26 21:18:01
10108,浏览,2025-01-26 21:31:14
10099,浏览,2025-01-26 21:35:09
10671,浏览,2025-01-26 21:38:50
10630,浏览,2025-01-26 21:42:33
10661,加购,2025-01-26 21:46:12
10208,浏览,2025-01-26 21:47:43
10378,下单,2025-01-26 21:51:04
10318,浏览,2025-01-26 22:12:11
10598,浏览,2025-01-26 22:17:12
10274,浏览,2025-01-26 22:20:06
10609,浏览,2025-01-26 22:28:30
10413,浏览,2025-01-26 22:28:59
10135,浏览,2025-01-26 22:29:06
10056,加购,2025-01-26 22:31:24
10172,浏览,2025-01-26 22:38:45
10652,浏览,2025-01-26 22:58:15
10590,浏览,2025-01-26 23:09:24
10165,加购,2025-01-26 23:15:25
10100,浏览,2025-01-26 23:35:23
10711,浏览,2025-01-26 23:36:50
10401,浏览,2025-01-26 23:38:42
10596,加购,2025-01-26 23:49:01
10765,浏览,2025-01-26 23:51:51
10176,下单,2025-01-26 23:56:27
10030,浏览,2025-01-27 02:06:20
10468,浏览,2025-01-27 02:54:27
10668,支付,2025-01-27 03:05:59
10712,浏览,2025-01-27 04:06:14
10034,浏览,2025-01-27 04:39:07
10397,支付,2025-01-27 06:21:45
10559,下单,2025-01-27 06:54:23
10237,浏览,2025-01-27 07:00:25
10603,浏览,2025-01-27 07:01:57
10679,加购,2025-01-27 07:08:19
10378,下单,2025-01-27 07:27:53
10693,浏览,2025-01-27 07:30:48
10102,加购,2025-01-27 07:43:01
10356,加购,2025-01-27 08:02:11
10371,浏览,2025-01-27 08:14:26
10738,浏览,2025-01-27 08:23:07
10486,浏览,2025-01-27 08:27:06
10585,浏览,2025-01-27 08:29:03
10646,加购,2025-01-27 08:29:36
10591,浏览,2025-01-27 08:30:38
10475,浏览,2025-01-27 08:33:35
10162,下单,2025-01-27 08:49:20
10130,浏览,2025-01-27 09:02:42
10377,浏览,2025-01-27 09:13:09
10381,浏览,2025-01-27 09:15:16
10319,加购,2025-01-27 09:20:44
10593,浏览,2025-01-27 09:24:42
10063,浏览,2025-01-27 09:37:57
10385,浏览,2025-01-27 09:38:24
10094,加购,2025-01-27 09:45:48
10677,浏览,2025-01-27 09:47:39
10405,浏览,2025-01-27 09:55:10
10350,加购,2025-01-27 09:57:28
10514,下单,2025-01-27 09:58:52
10654,浏览,2025-01-27 10:01:01
10769,浏览,2025-01-27 10:17:25
10002,浏览,2025-01-27 10:18:18
10588,浏览,2025-01-27 10:18:45
10543,浏览,2025-01-27 10:31:38
10432,浏览,2025-01-27 10:47:08
10189,浏览,2025-01-27 11:07:11
10171,下单,2025-01-27 11:09:53
10487,浏览,2025-01-27 11:14:45
10677,加购,2025-01-27 11:16:37
10549,浏览,2025-01-27 11:18:05
10258,下单,2025-01-27 11:20:12
10186,浏览,2025-01-27 11:24:53
10504,浏览,2025-01-27 11:31:42
10405,浏览,2025-01-27 11:42:51
10749,浏览,2025-01-27 11:46:23
10150,加购,2025-01-27 11:53:43
10740,浏览,2025-01-27 11:56:34
10740,浏览,2025-01-27 12:13:23
10547,浏览,2025-01-27 12:16:10
10220,下单,2025-01-27 12:29:03
10342,浏览,2025-01-27 12:30:44
10512,加购,2025-01-27 13:14:26
10755,浏览,2025-01-27 13:27:56
10409,浏览,2025-01-27 13:35:59
10106,加购,2025-01-27 13:45:05
10313,浏览,2025-01-27 13:45:54
10214,支付,2025-01-27 13:53:33
10184,加购,2025-01-27 14:05:26
10057,加购,2025-01-27 14:19:52
10233,浏览,2025-01-27 14:33:26
10689,浏览,2025-01-27 14:38:22
10490,浏览,2025-01-27 14:45:43
10301,浏览,2025-01-27 14:51:59
10110,浏览,2025-01-27 15:01:18
10144,浏览,2025-01-27 15:03:55
10385,加购,2025-01-27 15:08:33
10605,浏览,2025-01-27 15:15:02
10098,浏览,2025-01-27 15:17:45
10082,浏览,2025-01-27 15:23:49
10440,浏览,2025-01-27 15:26:28
10059,浏览,2025-01-27 15:26:30
10414,浏览,2025-01-27 15:31:17
10366,加购,2025-01-27 15:34:04
10349,浏览,2025-01-27 15:35:11
10708,浏览,2025-01-27 15:38:33
10555,浏览,2025-01-27 15:39:55
10656,浏览,2025-01-27 15:44:39
10542,浏览,2025-01-27 15:47:00
10344,浏览,2025-01-27 15:47:03
10646,浏览,2025-01-27 15:48:30
10165,浏览,2025-01-27 15:56:29
10768,浏览,2025-01-27 16:11:25
10319,浏览,2025-01-27 16:16:26
10593,加购,2025-01-27 16:17:53
10169,浏览,2025-01-27 16:20:26
10504,加购,2025-01-27 16:24:59
10204,浏览,2025-01-27 16:25:40
10723,浏览,2025-01-27 16:30:15
10259,浏览,2025-01-27 16:42:25
10664,浏览,2025-01-27 16:44:19
10648,浏览,2025-01-27 17:02:10
10044,浏览,2025-01-27 17:15:30
10049,浏览,2025-01-27 17:17:27
10431,浏览,2025-01-27 17:20:29
10032,浏览,2025-01-27 17:24:43
10542,浏览,2025-01-27 17:59:42
10466,浏览,2025-01-27 18:01:18
10078,浏览,2025-01-27 18:06:44
10175,浏览,2025-01-27 18:09:34
10596,浏览,2025-01-27 18:10:01
10682,浏览,2025-01-27 18:22:57
10520,浏览,2025-01-27 18:25:49
10609,浏览,2025-01-27 18:38:58
10414,下单,2025-01-27 18:41:00
10290,加购,2025-01-27 18:42:31
10084,浏览,2025-01-27 18:52:52
10265,浏览,2025-01-27 18:55:29
10480,浏览,2025-01-27 18:55:35
10428,浏览,2025-01-27 19:02:08
10731,支付,2025-01-27 19:08:54
10360,加购,2025-01-27 19:09:15
10015,浏览,2025-01-27 19:11:09
10431,浏览,2025-01-27 19:13:40
10280,浏览,2025-01-27 19:22:53
10551,浏览,2025-01-27 19:25:35
10211,浏览,2025-01-27 19:30:10
10567,浏览,2025-01-27 19:31:01
10453,浏览,2025-01-27 19:33:41
10277,下单,2025-01-27 19:37:34
10203,浏览,2025-01-27 19:49:16
10266,加购,2025-01-27 19:49:49
10476,浏览,2025-01-27 19:50:47
10402,浏览,2025-01-27 19:54:10
10767,浏览,2025-01-27 19:55:20
10599,浏览,2025-01-27 20:07:48
10141,浏览,2025-01-27 20:08:41
10147,浏览,2025-01-27 20:10:25
10769,加购,2025-01-27 20:12:01
10372,加购,2025-01-27 20:15:03
10196,下单,2025-01-27 20:18:47
10382,浏览,2025-01-27 20:19:17
10788,浏览,2025-01-27 20:21:18
10187,浏览,2025-01-27 20:21:47
10764,浏览,2025-01-27 20:26:35
10649,加购,2025-01-27 20:37:34
10039,下单,2025-01-27 20:47:49
10195,浏览,2025-01-27 20:52:14
10591,加购,2025-01-27 20:58:16
10313,加购,2025-01-27 21:00:02
10755,浏览,2025-01-27 21:06:35
10716,浏览,2025-01-27 21:08:01
10744,下单,2025-01-27 21:08:07
10198,浏览,2025-01-27 21:27:37
10130,浏览,2025-01-27 21:32:15
10521,浏览,2025-01-27 21:34:59
10024,下单,2025-01-27 21:37:32
10106,浏览,2025-01-27 21:38:02
10085,浏览,2025-01-27 21:42:41
10495,浏览,2025-01-27 21:44:36
10401,浏览,2025-01-27 21:47:58
10112,浏览,2025-01-27 21:56:15
10302,浏览,2025-01-27 21:59:58
10473,浏览,2025-01-27 22:02:57
10650,浏览,2025-01-27 22:06:39
10244,浏览,2025-01-27 22:13:33
10096,浏览,2025-01-27 22:29:07
10541,浏览,2025-01-27 22:31:09
10103,浏览,2025-01-27 22:37:17
10345,浏览,2025-01-27 22:54:55
10761,浏览,2025-01-27 22:57:57
10587,浏览,2025-01-27 22:58:19
10339,浏览,2025-01-27 22:59:53
10001,加购,2025-01-27 23:07:55
10446,加购,2025-01-27 23:49:17
10147,浏览,2025-01-28 00:04:57
10579,浏览,2025-01-28 01:44:13
10434,加购,2025-01-28 02:16:13
10424,浏览,2025-01-28 05:46:15
10219,浏览,2025-01-28 05:48:43
10578,浏览,2025-01-28 06:02:41
10719,浏览,2025-01-28 06:30:14
10184,下单,2025-01-28 06:51:58
10594,加购,2025-01-28 06:57:51
10418,浏览,2025-01-28 07:11:43
10632,浏览,2025-01-28 07:26:33
10258,下单,2025-01-28 07:40:27
10583,浏览,2025-01-28 07:41:18
10688,加购,2025-01-28 07:48:59
10765,加购,2025-01-28 07:49:50
10620,浏览,2025-01-28 07:51:48
10537,浏览,2025-01-28 07:52:42
10532,下单,2025-01-28 08:12:40
10553,加购,2025-01-28 08:19:30
10431,浏览,2025-01-28 08:23:19
10085,浏览,2025-01-28 08:28:40
10654,支付,2025-01-28 08:29:59
10219,浏览,2025-01-28 08:45:28
10773,浏览,2025-01-28 08:45:35
10585,下单,2025-01-28 08:49:09
10445,浏览,2025-01-28 08:49:14
10308,浏览,2025-01-28 08:54:41
10729,加购,2025-01-28 09:05:48
10364,下单,2025-01-28 09:15:37
10204,浏览,2025-01-28 09:25:39
10482,浏览,2025-01-28 09:26:02
10061,支付,2025-01-28 09:26:58
10315,浏览,2025-01-28 09:31:41
10190,加购,2025-01-28 09:33:38
10384,浏览,2025-01-28 09:47:00
10647,下单,2025-01-28 09:51:59
10083,浏览,2025-01-28 10:05:46
10152,支付,2025-01-28 10:09:22
10326,浏览,2025-01-28 10:18:17
10653,浏览,2025-01-28 10:19:09
10409,浏览,2025-01-28 10:24:49
10266,下单,2025-01-28 10:33:46
10692,加购,2025-01-28 10:41:35
10025,浏览,2025-01-28 10:44:28
10366,下单,2025-01-28 10:45:19
10356,浏览,2025-01-28 11:09:59
10626,下单,2025-01-28 11:17:17
10134,浏览,2025-01-28 11:21:29
10546,加购,2025-01-28 11:25:53
10493,浏览,2025-01-28 11:43:30
10707,下单,2025-01-28 11:44:45
10585,浏览,2025-01-28 11:51:49
10119,加购,2025-01-28 12:13:00
10241,加购,2025-01-28 12:20:13
10623,加购,2025-01-28 12:26:29
10500,浏览,2025-01-28 12:26:54
10791,浏览,2025-01-28 12:29:32
10295,浏览,2025-01-28 12:33:36
10012,浏览,2025-01-28 12:34:23
10364,浏览,2025-01-28 12:50:56
10179,加购,2025-01-28 12:51:43
10358,浏览,2025-01-28 12:53:10
10016,浏览,2025-01-28 12:55:51
10728,浏览,2025-01-28 13:06:43
10736,浏览,2025-01-28 13:25:08
10730,浏览,2025-01-28 13:28:27
10251,浏览,2025-01-28 13:30:48
10680,浏览,2025-01-28 13:33:16
10416,浏览,2025-01-28 13:50:30
10613,加购,2025-01-28 14:18:26
10301,浏览,2025-01-28 14:25:42
10771,浏览,2025-01-28 14:28:11
10319,浏览,2025-01-28 14:48:28
10533,支付,2025-01-28 14:50:26
10186,浏览,2025-01-28 14:53:08
10096,浏览,2025-01-28 14:53:13
10247,浏览,2025-01-28 14:57:34
10054,浏览,2025-01-28 14:59:06
10547,浏览,2025-01-28 15:00:33
10525,加购,2025-01-28 15:01:11
10702,加购,2025-01-28 15:20:55
10056,加购,2025-01-28 15:35:49
10396,下单,2025-01-28 15:38:18
10024,浏览,2025-01-28 15:42:05
10066,浏览,2025-01-28 15:52:18
10739,浏览,2025-01-28 15:53:15
10295,浏览,2025-01-28 16:11:46
10622,支付,2025-01-28 16:14:53
10590,加购,2025-01-28 16:15:22
10204,支付,2025-01-28 16:15:24
10382,下单,2025-01-28 16:16:34
10592,浏览,2025-01-28 16:21:57
10115,加购,2025-01-28 16:22:37
10496,加购,2025-01-28 16:26:43
10262,浏览,2025-01-28 16:35:29
10695,下单,2025-01-28 16:45:03
10195,浏览,2025-01-28 16:46:23
10357,浏览,2025-01-28 16:46:39
10724,浏览,2025-01-28 16:50:53
10053,浏览,2025-01-28 16:52:04
10663,加购,2025-01-28 16:55:33
10629,浏览,2025-01-28 17:02:54
10683,下单,2025-01-28 17:07:01
10154,浏览,2025-01-28 17:07:43
10737,浏览,2025-01-28 17:11:12
10497,浏览,2025-01-28 17:11:30
10311,加购,2025-01-28 17:14:12
10741,浏览,2025-01-28 17:19:52
10215,浏览,2025-01-28 17:20:47
10485,加购,2025-01-28 17:23:07
10420,下单,2025-01-28 17:43:23
10350,加购,2025-01-28 17:49:05
10011,浏览,2025-01-28 17:54:36
10150,浏览,2025-01-28 17:55:48
10297,浏览,2025-01-28 17:57:43
10619,加购,2025-01-28 18:00:11
10505,加购,2025-01-28 18:08:14
10557,浏览,2025-01-28 18:11:05
10316,支付,2025-01-28 18:13:46
10316,浏览,2025-01-28 18:24:28
10645,浏览,2025-01-28 18:28:41
10247,浏览,2025-01-28 18:29:39
10087,浏览,2025-01-28 18:31:01
10550,浏览,2025-01-28 18:40:00
10489,浏览,2025-01-28 18:45:41
10685,下单,2025-01-28 18:51:59
10250,支付,2025-01-28 18:53:28
10705,浏览,2025-01-28 19:04:21
10488,支付,2025-01-28 19:06:46
10006,浏览,2025-01-28 19:07:12
10475,加购,2025-01-28 19:11:50
10754,加购,2025-01-28 19:12:08
10067,浏览,2025-01-28 19:14:44
10552,浏览,2025-01-28 19:17:15
10708,浏览,2025-01-28 19:19:13
10392,浏览,2025-01-28 19:22:21
10325,浏览,2025-01-28 19:25:23
10122,浏览,2025-01-28 19:44:14
10771,浏览,2025-01-28 19:50:16
10715,浏览,2025-01-28 19:52:47
10372,浏览,2025-01-28 19:53:44
10472,浏览,2025-01-28 19:56:43
10684,浏览,2025-01-28 20:05:51
10469,浏览,2025-01-28 20:09:07
10574,支付,2025-01-28 20:09:45
10717,浏览,2025-01-28 20:16:26
10030,浏览,2025-01-28 20:17:37
10192,浏览,2025-01-28 20:19:45
10152,浏览,2025-01-28 20:21:45
10105,浏览,2025-01-28 20:22:41
10799,加购,2025-01-28 20:23:48
10729,浏览,2025-01-28 20:30:15
10060,下单,2025-01-28 20:32:26
10385,浏览,2025-01-28 20:47:13
10619,支付,2025-01-28 20:47:34
10325,浏览,2025-01-28 20:48:59
10490,浏览,2025-01-28 20:51:50
10163,浏览,2025-01-28 21:02:51
10195,支付,2025-01-28 21:05:42
10078,浏览,2025-01-28 21:06:03
10019,浏览,2025-01-28 21:07:56
10108,浏览,2025-01-28 21:10:26
10335,浏览,2025-01-28 21:14:34
10466,加购,2025-01-28 21:18:44
10132,浏览,2025-01-28 21:21:07
10022,浏览,2025-01-28 21:21:54
10264,浏览,2025-01-28 21:22:34
10030,加购,2025-01-28 21:22:52
10111,浏览,2025-01-28 21:24:14
10592,浏览,2025-01-28 21:31:53
10280,浏览,2025-01-28 21:45:54
10627,下单,2025-01-28 21:46:03
10690,浏览,2025-01-28 21:50:26
10013,加购,2025-01-28 21:50:33
10552,加购,2025-01-28 21:51:03
10358,浏览,2025-01-28 21:52:08
10531,加购,2025-01-28 21:53:38
10210,浏览,2025-01-28 21:58:19
10458,浏览,2025-01-28 22:00:29
10207,浏览,2025-01-28 22:04:53
10160,加购,2025-01-28 22:15:04
10575,浏览,2025-01-28 22:37:15
10258,支付,2025-01-28 22:43:46
10633,浏览,2025-01-28 22:46:36
10074,浏览,2025-01-28 22:49:26
10626,浏览,2025-01-28 22:52:35
10251,浏览,2025-01-28 22:55:21
10643,浏览,2025-01-28 22:59:34
10770,浏览,2025-01-28 23:28:16
10044,下单,2025-01-28 23:33:56
10170,下单,2025-01-28 23:42:08
10090,加购,2025-01-28 23:42:22
10558,浏览,2025-01-28 23:53:27
10412,浏览,2025-01-29 01:30:42
10522,浏览,2025-01-29 01:37:23
10785,下单,2025-01-29 03:13:04
10522,浏览,2025-01-29 06:01:53
10776,浏览,2025-01-29 07:31:04
10193,浏览,2025-01-29 07:48:35
10516,下单,2025-01-29 07:49:53
10762,浏览,2025-01-29 08:24:31
10769,加购,2025-01-29 08:27:14
10679,加购,2025-01-29 08:44:19
10373,浏览,2025-01-29 08:53:46
10686,浏览,2025-01-29 08:53:53
10739,浏览,2025-01-29 08:58:27
10189,浏览,2025-01-29 09:01:48
10619,浏览,2025-01-29 09:10:14
10782,浏览,2025-01-29 09:13:33
10713,浏览,2025-01-29 09:13:51
10269,浏览,2025-01-29 09:14:50
10022,浏览,2025-01-29 09:15:47
10347,加购,2025-01-29 09:18:29
10763,加购,2025-01-29 09:24:02
10267,浏览,2025-01-29 09:29:05
10322,加购,2025-01-29 09:55:17
10243,浏览,2025-01-29 09:57:24
10192,浏览,2025-01-29 10:12:34
10469,下单,2025-01-29 10:20:04
10103,浏览,2025-01-29 10:26:04
10715,加购,2025-01-29 10:31:26
10030,加购,2025-01-29 10:37:27
10127,浏览,2025-01-29 10:41:27
10617,浏览,2025-01-29 10:42:22
10066,浏览,2025-01-29 11:05:11
10204,支付,2025-01-29 11:10:37
10200,浏览,2025-01-29 11:17:13
10003,浏览,2025-01-29 11:22:40
10742,加购,2025-01-29 11:32:21
10129,浏览,2025-01-29 11:34:45
10522,浏览,2025-01-29 12:03:42
10746,浏览,2025-01-29 12:10:27
10673,下单,2025-01-29 12:14:56
10735,浏览,2025-01-29 12:34:17
10240,下单,2025-01-29 12:58:57
10188,下单,2025-01-29 13:05:14
10688,浏览,2025-01-29 13:05:56
10282,加购,2025-01-29 13:09:54
10345,浏览,2025-01-29 13:20:52
10328,浏览,2025-01-29 13:24:52
10292,加购,2025-01-29 13:26:56
10093,浏览,2025-01-29 13:47:09
10265,加购,2025-01-29 14:08:54
10094,浏览,2025-01-29 14:12:42
10626,加购,2025-01-29 14:27:32
10136,浏览,2025-01-29 14:28:52
10197,加购,2025-01-29 14:31:06
10758,加购,2025-01-29 14:32:22
10511,浏览,2025-01-29 14:34:18
10454,浏览,2025-01-29 14:39:48
10536,浏览,2025-01-29 14:41:10
10335,浏览,2025-01-29 14:48:53
10064,浏览,2025-01-29 14:52:01
10261,加购,2025-01-29 14:52:09
10376,浏览,2025-01-29 14:53:26
10543,下单,2025-01-29 15:08:25
10492,加购,2025-01-29 15:10:19
10306,浏览,2025-01-29 15:24:19
10549,下单,2025-01-29 15:24:41
10560,加购,2025-01-29 15:31:21
10056,浏览,2025-01-29 15:48:19
10530,浏览,2025-01-29 15:54:10
10337,浏览,2025-01-29 15:54:31
10268,浏览,2025-01-29 16:06:51
10413,浏览,2025-01-29 16:09:09
10235,加购,2025-01-29 16:14:27
10287,浏览,2025-01-29 16:28:38
10380,加购,2025-01-29 16:40:45
10463,浏览,2025-01-29 16:42:30
10174,加购,2025-01-29 16:45:00
10486,浏览,2025-01-29 16:45:21
10521,支付,2025-01-29 16:46:05
10166,浏览,2025-01-29 16:52:37
10302,浏览,2025-01-29 17:07:18
10279,加购,2025-01-29 17:09:07
10367,浏览,2025-01-29 17:09:09
10461,支付,2025-01-29 17:16:58
10175,加购,2025-01-29 17:18:06
10504,浏览,2025-01-29 17:20:01
10468,浏览,2025-01-29 17:20:59
10101,浏览,2025-01-29 17:23:03
10281,浏览,2025-01-29 17:26:01
10239,浏览,2025-01-29 17:26:09
10064,加购,2025-01-29 17:36:34
10615,浏览,2025-01-29 17:39:40
10501,浏览,2025-01-29 17:41:03
10165,浏览,2025-01-29 17:53:27
10387,下单,2025-01-29 18:01:01
10533,浏览,2025-01-29 18:01:53
10472,浏览,2025-01-29 18:23:16
10383,浏览,2025-01-29 18:25:15
10037,下单,2025-01-29 18:31:03
10111,支付,2025-01-29 18:34:57
10241,浏览,2025-01-29 18:37:38
10675,浏览,2025-01-29 18:53:59
10006,加购,2025-01-29 18:59:08
10564,浏览,2025-01-29 19:01:51
10622,浏览,2025-01-29 19:01:51
10137,加购,2025-01-29 19:02:22
10550,浏览,2025-01-29 19:02:33
10461,浏览,2025-01-29 19:02:52
10408,浏览,2025-01-29 19:05:41
10537,浏览,2025-01-29 19:08:21
10115,浏览,2025-01-29 19:09:34
10696,浏览,2025-01-29 19:19:39
10499,浏览,2025-01-29 19:20:32
10264,浏览,2025-01-29 19:25:46
10228,浏览,2025-01-29 19:28:46
10184,加购,2025-01-29 19:29:23
10644,浏览,2025-01-29 19:32:52
10682,浏览,2025-01-29 19:42:08
10688,浏览,2025-01-29 19:43:48
10294,浏览,2025-01-29 19:43:56
10764,下单,2025-01-29 19:47:17
10642,浏览,2025-01-29 19:58:17
10530,加购,2025-01-29 20:03:17
10039,浏览,2025-01-29 20:08:38
10612,浏览,2025-01-29 20:17:03
10572,浏览,2025-01-29 20:21:40
10107,支付,2025-01-29 20:28:08
10452,加购,2025-01-29 20:32:09
10630,浏览,2025-01-29 20:32:48
10426,加购,2025-01-29 20:38:59
10450,浏览,2025-01-29 20:41:26
10160,加购,2025-01-29 20:45:00
10584,浏览,2025-01-29 20:45:38
10720,浏览,2025-01-29 20:49:51
10574,浏览,2025-01-29 20:50:17
10395,浏览,2025-01-29 21:05:18
10319,浏览,2025-01-29 21:08:20
10071,浏览,2025-01-29 21:08:55
10304,浏览,2025-01-29 21:09:00
10310,浏览,2025-01-29 21:19:32
10581,浏览,2025-01-29 21:20:21
10491,浏览,2025-01-29 21:22:12
10364,浏览,2025-01-29 21:28:07
10197,浏览,2025-01-29 21:28:40
10417,浏览,2025-01-29 21:30:41
10194,加购,2025-01-29 21:30:43
10124,浏览,2025-01-29 21:33:32
10080,浏览,2025-01-29 21:42:28
10503,浏览,2025-01-29 21:46:17
10774,加购,2025-01-29 21:47:04
10345,浏览,2025-01-29 21:47:50
10116,加购,2025-01-29 21:54:07
10374,浏览,2025-01-29 22:05:20
10240,加购,2025-01-29 22:06:26
10395,浏览,2025-01-29 22:13:52
10094,浏览,2025-01-29 22:22:44
10178,浏览,2025-01-29 22:28:59
10646,加购,2025-01-29 22:48:22
10685,浏览,2025-01-29 22:50:10
10043,浏览,2025-01-29 22:55:02
10461,浏览,2025-01-29 23:02:39
10408,加购,2025-01-29 23:12:09
10219,浏览,2025-01-29 23:12:24
10468,浏览,2025-01-29 23:35:50
10526,浏览,2025-01-29 23:37:28
10466,浏览,2025-01-29 23:58:46
10012,下单,2025-01-30 00:28:24
10374,浏览,2025-01-30 00:39:26
10458,加购,2025-01-30 03:00:13
10341,浏览,2025-01-30 03:59:12
10120,加购,2025-01-30 04:22:19
10705,浏览,2025-01-30 06:06:59
10507,支付,2025-01-30 06:07:12
10389,浏览,2025-01-30 06:53:40
10778,加购,2025-01-30 07:20:07
10774,加购,2025-01-30 07:24:41
10774,支付,2025-01-30 07:39:16
10618,浏览,2025-01-30 08:06:26
10724,浏览,2025-01-30 08:08:20
10730,加购,2025-01-30 08:10:36
10308,浏览,2025-01-30 08:14:41
10553,支付,2025-01-30 08:16:25
10447,浏览,2025-01-30 08:20:36
10038,浏览,2025-01-30 08:32:19
10198,加购,2025-01-30 08:34:39
10798,浏览,2025-01-30 08:42:31
10550,浏览,2025-01-30 08:49:15
10727,浏览,2025-01-30 09:05:33
10422,浏览,2025-01-30 09:13:09
10565,浏览,2025-01-30 09:17:46
10277,浏览,2025-01-30 09:29:07
10340,加购,2025-01-30 09:29:46
10482,浏览,2025-01-30 09:29:47
10248,浏览,2025-01-30 09:33:03
10240,加购,2025-01-30 09:36:32
10606,加购,2025-01-30 09:43:27
10047,浏览,2025-01-30 09:54:43
10544,加购,2025-01-30 09:59:07
10349,加购,2025-01-30 10:07:36
10037,加购,2025-01-30 10:09:22
10452,浏览,2025-01-30 10:25:11
10184,浏览,2025-01-30 10:50:00
10452,浏览,2025-01-30 10:57:34
10041,浏览,2025-01-30 10:59:30
10403,下单,2025-01-30 11:05:59
10215,浏览,2025-01-30 11:07:05
10257,浏览,2025-01-30 11:09:18
10676,浏览,2025-01-30 11:10:09
10469,加购,2025-01-30 11:14:11
10535,浏览,2025-01-30 11:15:10
10627,浏览,2025-01-30 11:42:27
10345,下单,2025-01-30 11:48:37
10487,浏览,2025-01-30 11:59:56
10149,下单,2025-01-30 12:00:47
10767,支付,2025-01-30 12:02:00
10459,浏览,2025-01-30 12:05:26
10774,浏览,2025-01-30 12:15:37
10013,支付,2025-01-30 12:24:55
10624,浏览,2025-01-30 12:37:14
10092,下单,2025-01-30 12:45:59
10750,浏览,2025-01-30 12:47:26
10557,浏览,2025-01-30 13:12:44
10084,浏览,2025-01-30 13:37:33
10130,浏览,2025-01-30 13:38:27
10026,浏览,2025-01-30 13:59:26
10710,浏览,2025-01-30 14:26:50
10770,浏览,2025-01-30 14:32:54
10363,浏览,2025-01-30 14:54:47
10490,浏览,2025-01-30 15:11:11
10060,浏览,2025-01-30 15:15:15
10629,浏览,2025-01-30 15:16:06
10339,浏览,2025-01-30 15:23:05
10619,加购,2025-01-30 15:23:49
10060,浏览,2025-01-30 15:29:39
10289,浏览,2025-01-30 15:42:05
10288,加购,2025-01-30 15:57:56
10696,浏览,2025-01-30 15:58:22
10032,下单,2025-01-30 16:00:07
10186,浏览,2025-01-30 16:07:21
10158,浏览,2025-01-30 16:09:49
10032,加购,2025-01-30 16:38:40
10451,浏览,2025-01-30 16:46:09
10158,浏览,2025-01-30 16:55:33
10549,浏览,2025-01-30 16:56:15
10398,浏览,2025-01-30 16:59:31
10692,加购,2025-01-30 17:04:32
10692,浏览,2025-01-30 17:07:37
10430,浏览,2025-01-30 17:09:47
10270,浏览,2025-01-30 17:25:37
10434,支付,2025-01-30 17:46:44
10585,加购,2025-01-30 17:53:15
10684,浏览,2025-01-30 17:59:53
10606,下单,2025-01-30 18:00:26
10524,浏览,2025-01-30 18:06:02
10169,浏览,2025-01-30 18:08:06
10164,加购,2025-01-30 18:20:12
10744,加购,2025-01-30 18:22:52
10763,支付,2025-01-30 18:31:53
10088,浏览,2025-01-30 18:34:11
10788,下单,2025-01-30 18:40:03
10017,浏览,2025-01-30 18:46:26
10134,加购,2025-01-30 18:47:36
10544,下单,2025-01-30 18:58:37
10757,浏览,2025-01-30 19:10:20
10055,浏览,2025-01-30 19:10:54
10162,加购,2025-01-30 19:11:50
10791,下单,2025-01-30 19:12:23
10553,浏览,2025-01-30 19:15:51
10702,浏览,2025-01-30 19:19:12
10648,浏览,2025-01-30 19:21:26
10397,下单,2025-01-30 19:25:09
10288,浏览,2025-01-30 19:26:53
10474,浏览,2025-01-30 19:35:14
10153,浏览,2025-01-30 19:36:53
10604,浏览,2025-01-30 19:38:42
10492,加购,2025-01-30 19:48:53
10167,浏览,2025-01-30 19:49:20
10155,浏览,2025-01-30 19:51:28
10057,浏览,2025-01-30 19:56:03
10438,加购,2025-01-30 20:03:51
10328,下单,2025-01-30 20:05:24
10634,浏览,2025-01-30 20:09:34
10798,浏览,2025-01-30 20:09:40
10022,浏览,2025-01-30 20:16:10
10118,浏览,2025-01-30 20:16:18
10339,浏览,2025-01-30 20:27:26
10547,浏览,2025-01-30 20:29:36
10499,浏览,2025-01-30 20:33:47
10154,浏览,2025-01-30 20:42:12
10216,加购,2025-01-30 20:44:47
10246,加购,2025-01-30 21:05:42
10291,加购,2025-01-30 21:06:05
10599,浏览,2025-01-30 21:10:03
10550,加购,2025-01-30 21:10:16
10550,浏览,2025-01-30 21:14:08
10418,浏览,2025-01-30 21:17:35
10489,加购,2025-01-30 21:18:38
10376,浏览,2025-01-30 21:22:42
10471,浏览,2025-01-30 21:28:29
10113,加购,2025-01-30 21:28:56
10018,浏览,2025-01-30 21:31:36
10553,浏览,2025-01-30 21:36:30
10625,支付,2025-01-30 21:38:42
10304,浏览,2025-01-30 21:45:23
10613,加购,2025-01-30 21:50:38
10124,浏览,2025-01-30 21:52:12
10713,加购,2025-01-30 21:52:13
10190,下单,2025-01-30 21:59:45
10176,浏览,2025-01-30 22:06:29
10114,浏览,2025-01-30 22:16:41
10192,浏览,2025-01-30 22:18:13
10210,浏览,2025-01-30 22:28:55
10223,下单,2025-01-30 22:41:32
10240,浏览,2025-01-30 22:44:05
10122,浏览,2025-01-30 22:57:02
10627,浏览,2025-01-30 23:12:07
10068,浏览,2025-01-30 23:59:43
